customerid,first_name,last_name,name,description,email,phone_number,address_line1,address_line2,city,state,country,zone,Territory,zip_code,is_active
1,Rahul,Verma,Rahul Verma,Customer description 1,customer0001@example.com,9100000001,Address Line1 1,Address Line2 1,Mumbai,Maharashtra,India,a,South,100001,FALSE
2,Neha,Singh,Neha Singh,Customer description 2,customer0002@example.com,9100000002,Address Line1 2,Address Line2 2,Pune,Karnataka,India,b,East,100002,TRUE
3,Poonam,Gupta,Poonam Gupta,Customer description 3,customer0003@example.com,9100000003,Address Line1 3,Address Line2 3,Bangalore,Tamil Nadu,India,c,West,100003,FALSE
4,Anita,Patel,Anita Patel,Customer description 4,customer0004@example.com,9100000004,Address Line1 4,Address Line2 4,Chennai,Telangana,India,d,Central,100004,TRUE
5,Rohit,Mehta,Rohit Mehta,Customer description 5,customer0005@example.com,9100000005,Address Line1 5,Address Line2 5,Hyderabad,Rajasthan,India,a,North,100005,FALSE
6,Kiran,Kumar,Kiran Kumar,Customer description 6,customer0006@example.com,9100000006,Address Line1 6,Address Line2 6,Jaipur,MP,India,b,South,100006,TRUE
7,Sneha,Joshi,Sneha Joshi,Customer description 7,customer0007@example.com,9100000007,Address Line1 7,Address Line2 7,Indore,UP,India,c,East,100007,FALSE
8,Vikas,Yadav,Vikas Yadav,Customer description 8,customer0008@example.com,9100000008,Address Line1 8,Address Line2 8,Noida,Haryana,India,d,West,100008,TRUE
9,Priya,Chauhan,Priya Chauhan,Customer description 9,customer0009@example.com,9100000009,Address Line1 9,Address Line2 9,Gurgaon,Delhi,India,a,Central,100009,FALSE
10,Suman,Sharma,Suman Sharma,Customer description 10,customer0010@example.com,9100000010,Address Line1 10,Address Line2 10,Delhi,Maharashtra,India,b,North,100010,TRUE
11,Arjun,Verma,Arjun Verma,Customer description 11,customer0011@example.com,9100000011,Address Line1 11,Address Line2 11,Mumbai,Karnataka,India,c,South,100011,FALSE
12,Riya,Singh,Riya Singh,Customer description 12,customer0012@example.com,9100000012,Address Line1 12,Address Line2 12,Pune,Tamil Nadu,India,d,East,100012,TRUE
13,Manish,Gupta,Manish Gupta,Customer description 13,customer0013@example.com,9100000013,Address Line1 13,Address Line2 13,Bangalore,Telangana,India,a,West,100013,FALSE
14,Nikhil,Patel,Nikhil Patel,Customer description 14,customer0014@example.com,9100000014,Address Line1 14,Address Line2 14,Chennai,Rajasthan,India,b,Central,100014,TRUE
15,Kavita,Mehta,Kavita Mehta,Customer description 15,customer0015@example.com,9100000015,Address Line1 15,Address Line2 15,Hyderabad,MP,India,c,North,100015,FALSE
16,Deepak,Kumar,Deepak Kumar,Customer description 16,customer0016@example.com,9100000016,Address Line1 16,Address Line2 16,Jaipur,UP,India,d,South,100016,TRUE
17,Simran,Joshi,Simran Joshi,Customer description 17,customer0017@example.com,9100000017,Address Line1 17,Address Line2 17,Indore,Haryana,India,a,East,100017,FALSE
18,Gaurav,Yadav,Gaurav Yadav,Customer description 18,customer0018@example.com,9100000018,Address Line1 18,Address Line2 18,Noida,Delhi,India,b,West,100018,TRUE
19,Isha,Chauhan,Isha Chauhan,Customer description 19,customer0019@example.com,9100000019,Address Line1 19,Address Line2 19,Gurgaon,Maharashtra,India,c,Central,100019,FALSE
20,Amit,Sharma,Amit Sharma,Customer description 20,customer0020@example.com,9100000020,Address Line1 20,Address Line2 20,Delhi,Karnataka,India,d,North,100020,TRUE
21,Rahul,Verma,Rahul Verma,Customer description 21,customer0021@example.com,9100000021,Address Line1 21,Address Line2 21,Mumbai,Tamil Nadu,India,a,South,100021,FALSE
22,Neha,Singh,Neha Singh,Customer description 22,customer0022@example.com,9100000022,Address Line1 22,Address Line2 22,Pune,Telangana,India,b,East,100022,TRUE
23,Poonam,Gupta,Poonam Gupta,Customer description 23,customer0023@example.com,9100000023,Address Line1 23,Address Line2 23,Bangalore,Rajasthan,India,c,West,100023,FALSE
24,Anita,Patel,Anita Patel,Customer description 24,customer0024@example.com,9100000024,Address Line1 24,Address Line2 24,Chennai,MP,India,,Central,100024,TRUE
25,Rohit,Mehta,Rohit Mehta,Customer description 25,customer0025@example.com,9100000025,Address Line1 25,Address Line2 25,Hyderabad,UP,India,,North,100025,FALSE
26,Kiran,Kumar,Kiran Kumar,Customer description 26,customer0026@example.com,9100000026,Address Line1 26,Address Line2 26,Jaipur,Haryana,India,,South,100026,TRUE
27,Sneha,Joshi,Sneha Joshi,Customer description 27,customer0027@example.com,9100000027,Address Line1 27,Address Line2 27,Indore,Delhi,India,,East,100027,FALSE
28,Vikas,Yadav,Vikas Yadav,Customer description 28,customer0028@example.com,9100000028,Address Line1 28,Address Line2 28,Noida,Maharashtra,India,,West,100028,TRUE
29,Priya,Chauhan,Priya Chauhan,Customer description 29,customer0029@example.com,9100000029,Address Line1 29,Address Line2 29,Gurgaon,Karnataka,India,,Central,100029,FALSE
30,Suman,Sharma,Suman Sharma,Customer description 30,customer0030@example.com,9100000030,Address Line1 30,Address Line2 30,Delhi,Tamil Nadu,India,,North,100030,TRUE
31,Arjun,Verma,Arjun Verma,Customer description 31,customer0031@example.com,9100000031,Address Line1 31,Address Line2 31,Mumbai,Telangana,India,,South,100031,FALSE
32,Riya,Singh,Riya Singh,Customer description 32,customer0032@example.com,9100000032,Address Line1 32,Address Line2 32,Pune,Rajasthan,India,,East,100032,TRUE
33,Manish,Gupta,Manish Gupta,Customer description 33,customer0033@example.com,9100000033,Address Line1 33,Address Line2 33,Bangalore,MP,India,,West,100033,FALSE
34,Nikhil,Patel,Nikhil Patel,Customer description 34,customer0034@example.com,9100000034,Address Line1 34,Address Line2 34,Chennai,UP,India,,Central,100034,TRUE
35,Kavita,Mehta,Kavita Mehta,Customer description 35,customer0035@example.com,9100000035,Address Line1 35,Address Line2 35,Hyderabad,Haryana,India,,North,100035,FALSE
36,Deepak,Kumar,Deepak Kumar,Customer description 36,customer0036@example.com,9100000036,Address Line1 36,Address Line2 36,Jaipur,Delhi,India,,South,100036,TRUE
37,Simran,Joshi,Simran Joshi,Customer description 37,customer0037@example.com,9100000037,Address Line1 37,Address Line2 37,Indore,Maharashtra,India,,East,100037,FALSE
38,Gaurav,Yadav,Gaurav Yadav,Customer description 38,customer0038@example.com,9100000038,Address Line1 38,Address Line2 38,Noida,Karnataka,India,,West,100038,TRUE
39,Isha,Chauhan,Isha Chauhan,Customer description 39,customer0039@example.com,9100000039,Address Line1 39,Address Line2 39,Gurgaon,Tamil Nadu,India,,Central,100039,FALSE
40,Amit,Sharma,Amit Sharma,Customer description 40,customer0040@example.com,9100000040,Address Line1 40,Address Line2 40,Delhi,Telangana,India,,North,100040,TRUE
41,Rahul,Verma,Rahul Verma,Customer description 41,customer0041@example.com,9100000041,Address Line1 41,Address Line2 41,Mumbai,Rajasthan,India,,South,100041,FALSE
42,Neha,Singh,Neha Singh,Customer description 42,customer0042@example.com,9100000042,Address Line1 42,Address Line2 42,Pune,MP,India,,East,100042,TRUE
43,Poonam,Gupta,Poonam Gupta,Customer description 43,customer0043@example.com,9100000043,Address Line1 43,Address Line2 43,Bangalore,UP,India,,West,100043,FALSE
44,Anita,Patel,Anita Patel,Customer description 44,customer0044@example.com,9100000044,Address Line1 44,Address Line2 44,Chennai,Haryana,India,,Central,100044,TRUE
45,Rohit,Mehta,Rohit Mehta,Customer description 45,customer0045@example.com,9100000045,Address Line1 45,Address Line2 45,Hyderabad,Delhi,India,,North,100045,FALSE
46,Kiran,Kumar,Kiran Kumar,Customer description 46,customer0046@example.com,9100000046,Address Line1 46,Address Line2 46,Jaipur,Maharashtra,India,,South,100046,TRUE
47,Sneha,Joshi,Sneha Joshi,Customer description 47,customer0047@example.com,9100000047,Address Line1 47,Address Line2 47,Indore,Karnataka,India,,East,100047,FALSE
48,Vikas,Yadav,Vikas Yadav,Customer description 48,customer0048@example.com,9100000048,Address Line1 48,Address Line2 48,Noida,Tamil Nadu,India,,West,100048,TRUE
49,Priya,Chauhan,Priya Chauhan,Customer description 49,customer0049@example.com,9100000049,Address Line1 49,Address Line2 49,Gurgaon,Telangana,India,,Central,100049,FALSE
50,Suman,Sharma,Suman Sharma,Customer description 50,customer0050@example.com,9100000050,Address Line1 50,Address Line2 50,Delhi,Rajasthan,India,,North,100050,TRUE
51,Arjun,Verma,Arjun Verma,Customer description 51,customer0051@example.com,9100000051,Address Line1 51,Address Line2 51,Mumbai,MP,India,,South,100051,FALSE
52,Riya,Singh,Riya Singh,Customer description 52,customer0052@example.com,9100000052,Address Line1 52,Address Line2 52,Pune,UP,India,,East,100052,TRUE
53,Manish,Gupta,Manish Gupta,Customer description 53,customer0053@example.com,9100000053,Address Line1 53,Address Line2 53,Bangalore,Haryana,India,,West,100053,FALSE
54,Nikhil,Patel,Nikhil Patel,Customer description 54,customer0054@example.com,9100000054,Address Line1 54,Address Line2 54,Chennai,Delhi,India,,Central,100054,TRUE
55,Kavita,Mehta,Kavita Mehta,Customer description 55,customer0055@example.com,9100000055,Address Line1 55,Address Line2 55,Hyderabad,Maharashtra,India,,North,100055,FALSE
56,Deepak,Kumar,Deepak Kumar,Customer description 56,customer0056@example.com,9100000056,Address Line1 56,Address Line2 56,Jaipur,Karnataka,India,,South,100056,TRUE
57,Simran,Joshi,Simran Joshi,Customer description 57,customer0057@example.com,9100000057,Address Line1 57,Address Line2 57,Indore,Tamil Nadu,India,,East,100057,FALSE
58,Gaurav,Yadav,Gaurav Yadav,Customer description 58,customer0058@example.com,9100000058,Address Line1 58,Address Line2 58,Noida,Telangana,India,,West,100058,TRUE
59,Isha,Chauhan,Isha Chauhan,Customer description 59,customer0059@example.com,9100000059,Address Line1 59,Address Line2 59,Gurgaon,Rajasthan,India,,Central,100059,FALSE
60,Amit,Sharma,Amit Sharma,Customer description 60,customer0060@example.com,9100000060,Address Line1 60,Address Line2 60,Delhi,MP,India,,North,100060,TRUE
61,Rahul,Verma,Rahul Verma,Customer description 61,customer0061@example.com,9100000061,Address Line1 61,Address Line2 61,Mumbai,UP,India,,South,100061,FALSE
62,Neha,Singh,Neha Singh,Customer description 62,customer0062@example.com,9100000062,Address Line1 62,Address Line2 62,Pune,Haryana,India,,East,100062,TRUE
63,Poonam,Gupta,Poonam Gupta,Customer description 63,customer0063@example.com,9100000063,Address Line1 63,Address Line2 63,Bangalore,Delhi,India,,West,100063,FALSE
64,Anita,Patel,Anita Patel,Customer description 64,customer0064@example.com,9100000064,Address Line1 64,Address Line2 64,Chennai,Maharashtra,India,,Central,100064,TRUE
65,Rohit,Mehta,Rohit Mehta,Customer description 65,customer0065@example.com,9100000065,Address Line1 65,Address Line2 65,Hyderabad,Karnataka,India,,North,100065,FALSE
66,Kiran,Kumar,Kiran Kumar,Customer description 66,customer0066@example.com,9100000066,Address Line1 66,Address Line2 66,Jaipur,Tamil Nadu,India,,South,100066,TRUE
67,Sneha,Joshi,Sneha Joshi,Customer description 67,customer0067@example.com,9100000067,Address Line1 67,Address Line2 67,Indore,Telangana,India,,East,100067,FALSE
68,Vikas,Yadav,Vikas Yadav,Customer description 68,customer0068@example.com,9100000068,Address Line1 68,Address Line2 68,Noida,Rajasthan,India,,West,100068,TRUE
69,Priya,Chauhan,Priya Chauhan,Customer description 69,customer0069@example.com,9100000069,Address Line1 69,Address Line2 69,Gurgaon,MP,India,,Central,100069,FALSE
70,Suman,Sharma,Suman Sharma,Customer description 70,customer0070@example.com,9100000070,Address Line1 70,Address Line2 70,Delhi,UP,India,,North,100070,TRUE
71,Arjun,Verma,Arjun Verma,Customer description 71,customer0071@example.com,9100000071,Address Line1 71,Address Line2 71,Mumbai,Haryana,India,,South,100071,FALSE
72,Riya,Singh,Riya Singh,Customer description 72,customer0072@example.com,9100000072,Address Line1 72,Address Line2 72,Pune,Delhi,India,,East,100072,TRUE
73,Manish,Gupta,Manish Gupta,Customer description 73,customer0073@example.com,9100000073,Address Line1 73,Address Line2 73,Bangalore,Maharashtra,India,,West,100073,FALSE
74,Nikhil,Patel,Nikhil Patel,Customer description 74,customer0074@example.com,9100000074,Address Line1 74,Address Line2 74,Chennai,Karnataka,India,,Central,100074,TRUE
75,Kavita,Mehta,Kavita Mehta,Customer description 75,customer0075@example.com,9100000075,Address Line1 75,Address Line2 75,Hyderabad,Tamil Nadu,India,,North,100075,FALSE
76,Deepak,Kumar,Deepak Kumar,Customer description 76,customer0076@example.com,9100000076,Address Line1 76,Address Line2 76,Jaipur,Telangana,India,,South,100076,TRUE
77,Simran,Joshi,Simran Joshi,Customer description 77,customer0077@example.com,9100000077,Address Line1 77,Address Line2 77,Indore,Rajasthan,India,,East,100077,FALSE
78,Gaurav,Yadav,Gaurav Yadav,Customer description 78,customer0078@example.com,9100000078,Address Line1 78,Address Line2 78,Noida,MP,India,,West,100078,TRUE
79,Isha,Chauhan,Isha Chauhan,Customer description 79,customer0079@example.com,9100000079,Address Line1 79,Address Line2 79,Gurgaon,UP,India,,Central,100079,FALSE
80,Amit,Sharma,Amit Sharma,Customer description 80,customer0080@example.com,9100000080,Address Line1 80,Address Line2 80,Delhi,Haryana,India,,North,100080,TRUE
81,Rahul,Verma,Rahul Verma,Customer description 81,customer0081@example.com,9100000081,Address Line1 81,Address Line2 81,Mumbai,Delhi,India,,South,100081,FALSE
82,Neha,Singh,Neha Singh,Customer description 82,customer0082@example.com,9100000082,Address Line1 82,Address Line2 82,Pune,Maharashtra,India,,East,100082,TRUE
83,Poonam,Gupta,Poonam Gupta,Customer description 83,customer0083@example.com,9100000083,Address Line1 83,Address Line2 83,Bangalore,Karnataka,India,,West,100083,FALSE
84,Anita,Patel,Anita Patel,Customer description 84,customer0084@example.com,9100000084,Address Line1 84,Address Line2 84,Chennai,Tamil Nadu,India,,Central,100084,TRUE
85,Rohit,Mehta,Rohit Mehta,Customer description 85,customer0085@example.com,9100000085,Address Line1 85,Address Line2 85,Hyderabad,Telangana,India,,North,100085,FALSE
86,Kiran,Kumar,Kiran Kumar,Customer description 86,customer0086@example.com,9100000086,Address Line1 86,Address Line2 86,Jaipur,Rajasthan,India,,South,100086,TRUE
87,Sneha,Joshi,Sneha Joshi,Customer description 87,customer0087@example.com,9100000087,Address Line1 87,Address Line2 87,Indore,MP,India,,East,100087,FALSE
88,Vikas,Yadav,Vikas Yadav,Customer description 88,customer0088@example.com,9100000088,Address Line1 88,Address Line2 88,Noida,UP,India,,West,100088,TRUE
89,Priya,Chauhan,Priya Chauhan,Customer description 89,customer0089@example.com,9100000089,Address Line1 89,Address Line2 89,Gurgaon,Haryana,India,,Central,100089,FALSE
90,Suman,Sharma,Suman Sharma,Customer description 90,customer0090@example.com,9100000090,Address Line1 90,Address Line2 90,Delhi,Delhi,India,,North,100090,TRUE
91,Arjun,Verma,Arjun Verma,Customer description 91,customer0091@example.com,9100000091,Address Line1 91,Address Line2 91,Mumbai,Maharashtra,India,,South,100091,FALSE
92,Riya,Singh,Riya Singh,Customer description 92,customer0092@example.com,9100000092,Address Line1 92,Address Line2 92,Pune,Karnataka,India,,East,100092,TRUE
93,Manish,Gupta,Manish Gupta,Customer description 93,customer0093@example.com,9100000093,Address Line1 93,Address Line2 93,Bangalore,Tamil Nadu,India,,West,100093,FALSE
94,Nikhil,Patel,Nikhil Patel,Customer description 94,customer0094@example.com,9100000094,Address Line1 94,Address Line2 94,Chennai,Telangana,India,,Central,100094,TRUE
95,Kavita,Mehta,Kavita Mehta,Customer description 95,customer0095@example.com,9100000095,Address Line1 95,Address Line2 95,Hyderabad,Rajasthan,India,,North,100095,FALSE
96,Deepak,Kumar,Deepak Kumar,Customer description 96,customer0096@example.com,9100000096,Address Line1 96,Address Line2 96,Jaipur,MP,India,,South,100096,TRUE
97,Simran,Joshi,Simran Joshi,Customer description 97,customer0097@example.com,9100000097,Address Line1 97,Address Line2 97,Indore,UP,India,,East,100097,FALSE
98,Gaurav,Yadav,Gaurav Yadav,Customer description 98,customer0098@example.com,9100000098,Address Line1 98,Address Line2 98,Noida,Haryana,India,,West,100098,TRUE
99,Isha,Chauhan,Isha Chauhan,Customer description 99,customer0099@example.com,9100000099,Address Line1 99,Address Line2 99,Gurgaon,Delhi,India,,Central,100099,FALSE
100,Amit,Sharma,Amit Sharma,Customer description 100,customer0100@example.com,9100000100,Address Line1 100,Address Line2 100,Delhi,Maharashtra,India,,North,100100,TRUE
101,Rahul,Verma,Rahul Verma,Customer description 101,customer0101@example.com,9100000101,Address Line1 101,Address Line2 101,Mumbai,Karnataka,India,,South,100101,FALSE
102,Neha,Singh,Neha Singh,Customer description 102,customer0102@example.com,9100000102,Address Line1 102,Address Line2 102,Pune,Tamil Nadu,India,,East,100102,TRUE
103,Poonam,Gupta,Poonam Gupta,Customer description 103,customer0103@example.com,9100000103,Address Line1 103,Address Line2 103,Bangalore,Telangana,India,,West,100103,FALSE
104,Anita,Patel,Anita Patel,Customer description 104,customer0104@example.com,9100000104,Address Line1 104,Address Line2 104,Chennai,Rajasthan,India,,Central,100104,TRUE
105,Rohit,Mehta,Rohit Mehta,Customer description 105,customer0105@example.com,9100000105,Address Line1 105,Address Line2 105,Hyderabad,MP,India,,North,100105,FALSE
106,Kiran,Kumar,Kiran Kumar,Customer description 106,customer0106@example.com,9100000106,Address Line1 106,Address Line2 106,Jaipur,UP,India,,South,100106,TRUE
107,Sneha,Joshi,Sneha Joshi,Customer description 107,customer0107@example.com,9100000107,Address Line1 107,Address Line2 107,Indore,Haryana,India,,East,100107,FALSE
108,Vikas,Yadav,Vikas Yadav,Customer description 108,customer0108@example.com,9100000108,Address Line1 108,Address Line2 108,Noida,Delhi,India,,West,100108,TRUE
109,Priya,Chauhan,Priya Chauhan,Customer description 109,customer0109@example.com,9100000109,Address Line1 109,Address Line2 109,Gurgaon,Maharashtra,India,,Central,100109,FALSE
110,Suman,Sharma,Suman Sharma,Customer description 110,customer0110@example.com,9100000110,Address Line1 110,Address Line2 110,Delhi,Karnataka,India,,North,100110,TRUE
111,Arjun,Verma,Arjun Verma,Customer description 111,customer0111@example.com,9100000111,Address Line1 111,Address Line2 111,Mumbai,Tamil Nadu,India,,South,100111,FALSE
112,Riya,Singh,Riya Singh,Customer description 112,customer0112@example.com,9100000112,Address Line1 112,Address Line2 112,Pune,Telangana,India,,East,100112,TRUE
113,Manish,Gupta,Manish Gupta,Customer description 113,customer0113@example.com,9100000113,Address Line1 113,Address Line2 113,Bangalore,Rajasthan,India,,West,100113,FALSE
114,Nikhil,Patel,Nikhil Patel,Customer description 114,customer0114@example.com,9100000114,Address Line1 114,Address Line2 114,Chennai,MP,India,,Central,100114,TRUE
115,Kavita,Mehta,Kavita Mehta,Customer description 115,customer0115@example.com,9100000115,Address Line1 115,Address Line2 115,Hyderabad,UP,India,,North,100115,FALSE
116,Deepak,Kumar,Deepak Kumar,Customer description 116,customer0116@example.com,9100000116,Address Line1 116,Address Line2 116,Jaipur,Haryana,India,,South,100116,TRUE
117,Simran,Joshi,Simran Joshi,Customer description 117,customer0117@example.com,9100000117,Address Line1 117,Address Line2 117,Indore,Delhi,India,,East,100117,FALSE
118,Gaurav,Yadav,Gaurav Yadav,Customer description 118,customer0118@example.com,9100000118,Address Line1 118,Address Line2 118,Noida,Maharashtra,India,,West,100118,TRUE
119,Isha,Chauhan,Isha Chauhan,Customer description 119,customer0119@example.com,9100000119,Address Line1 119,Address Line2 119,Gurgaon,Karnataka,India,,Central,100119,FALSE
120,Amit,Sharma,Amit Sharma,Customer description 120,customer0120@example.com,9100000120,Address Line1 120,Address Line2 120,Delhi,Tamil Nadu,India,,North,100120,TRUE
121,Rahul,Verma,Rahul Verma,Customer description 121,customer0121@example.com,9100000121,Address Line1 121,Address Line2 121,Mumbai,Telangana,India,,South,100121,FALSE
122,Neha,Singh,Neha Singh,Customer description 122,customer0122@example.com,9100000122,Address Line1 122,Address Line2 122,Pune,Rajasthan,India,,East,100122,TRUE
123,Poonam,Gupta,Poonam Gupta,Customer description 123,customer0123@example.com,9100000123,Address Line1 123,Address Line2 123,Bangalore,MP,India,,West,100123,FALSE
124,Anita,Patel,Anita Patel,Customer description 124,customer0124@example.com,9100000124,Address Line1 124,Address Line2 124,Chennai,UP,India,,Central,100124,TRUE
125,Rohit,Mehta,Rohit Mehta,Customer description 125,customer0125@example.com,9100000125,Address Line1 125,Address Line2 125,Hyderabad,Haryana,India,,North,100125,FALSE
126,Kiran,Kumar,Kiran Kumar,Customer description 126,customer0126@example.com,9100000126,Address Line1 126,Address Line2 126,Jaipur,Delhi,India,,South,100126,TRUE
127,Sneha,Joshi,Sneha Joshi,Customer description 127,customer0127@example.com,9100000127,Address Line1 127,Address Line2 127,Indore,Maharashtra,India,,East,100127,FALSE
128,Vikas,Yadav,Vikas Yadav,Customer description 128,customer0128@example.com,9100000128,Address Line1 128,Address Line2 128,Noida,Karnataka,India,,West,100128,TRUE
129,Priya,Chauhan,Priya Chauhan,Customer description 129,customer0129@example.com,9100000129,Address Line1 129,Address Line2 129,Gurgaon,Tamil Nadu,India,,Central,100129,FALSE
130,Suman,Sharma,Suman Sharma,Customer description 130,customer0130@example.com,9100000130,Address Line1 130,Address Line2 130,Delhi,Telangana,India,,North,100130,TRUE
131,Arjun,Verma,Arjun Verma,Customer description 131,customer0131@example.com,9100000131,Address Line1 131,Address Line2 131,Mumbai,Rajasthan,India,,South,100131,FALSE
132,Riya,Singh,Riya Singh,Customer description 132,customer0132@example.com,9100000132,Address Line1 132,Address Line2 132,Pune,MP,India,,East,100132,TRUE
133,Manish,Gupta,Manish Gupta,Customer description 133,customer0133@example.com,9100000133,Address Line1 133,Address Line2 133,Bangalore,UP,India,,West,100133,FALSE
134,Nikhil,Patel,Nikhil Patel,Customer description 134,customer0134@example.com,9100000134,Address Line1 134,Address Line2 134,Chennai,Haryana,India,,Central,100134,TRUE
135,Kavita,Mehta,Kavita Mehta,Customer description 135,customer0135@example.com,9100000135,Address Line1 135,Address Line2 135,Hyderabad,Delhi,India,,North,100135,FALSE
136,Deepak,Kumar,Deepak Kumar,Customer description 136,customer0136@example.com,9100000136,Address Line1 136,Address Line2 136,Jaipur,Maharashtra,India,,South,100136,TRUE
137,Simran,Joshi,Simran Joshi,Customer description 137,customer0137@example.com,9100000137,Address Line1 137,Address Line2 137,Indore,Karnataka,India,,East,100137,FALSE
138,Gaurav,Yadav,Gaurav Yadav,Customer description 138,customer0138@example.com,9100000138,Address Line1 138,Address Line2 138,Noida,Tamil Nadu,India,,West,100138,TRUE
139,Isha,Chauhan,Isha Chauhan,Customer description 139,customer0139@example.com,9100000139,Address Line1 139,Address Line2 139,Gurgaon,Telangana,India,,Central,100139,FALSE
140,Amit,Sharma,Amit Sharma,Customer description 140,customer0140@example.com,9100000140,Address Line1 140,Address Line2 140,Delhi,Rajasthan,India,,North,100140,TRUE
141,Rahul,Verma,Rahul Verma,Customer description 141,customer0141@example.com,9100000141,Address Line1 141,Address Line2 141,Mumbai,MP,India,,South,100141,FALSE
142,Neha,Singh,Neha Singh,Customer description 142,customer0142@example.com,9100000142,Address Line1 142,Address Line2 142,Pune,UP,India,,East,100142,TRUE
143,Poonam,Gupta,Poonam Gupta,Customer description 143,customer0143@example.com,9100000143,Address Line1 143,Address Line2 143,Bangalore,Haryana,India,,West,100143,FALSE
144,Anita,Patel,Anita Patel,Customer description 144,customer0144@example.com,9100000144,Address Line1 144,Address Line2 144,Chennai,Delhi,India,,Central,100144,TRUE
145,Rohit,Mehta,Rohit Mehta,Customer description 145,customer0145@example.com,9100000145,Address Line1 145,Address Line2 145,Hyderabad,Maharashtra,India,,North,100145,FALSE
146,Kiran,Kumar,Kiran Kumar,Customer description 146,customer0146@example.com,9100000146,Address Line1 146,Address Line2 146,Jaipur,Karnataka,India,,South,100146,TRUE
147,Sneha,Joshi,Sneha Joshi,Customer description 147,customer0147@example.com,9100000147,Address Line1 147,Address Line2 147,Indore,Tamil Nadu,India,,East,100147,FALSE
148,Vikas,Yadav,Vikas Yadav,Customer description 148,customer0148@example.com,9100000148,Address Line1 148,Address Line2 148,Noida,Telangana,India,,West,100148,TRUE
149,Priya,Chauhan,Priya Chauhan,Customer description 149,customer0149@example.com,9100000149,Address Line1 149,Address Line2 149,Gurgaon,Rajasthan,India,,Central,100149,FALSE
150,Suman,Sharma,Suman Sharma,Customer description 150,customer0150@example.com,9100000150,Address Line1 150,Address Line2 150,Delhi,MP,India,,North,100150,TRUE
151,Arjun,Verma,Arjun Verma,Customer description 151,customer0151@example.com,9100000151,Address Line1 151,Address Line2 151,Mumbai,UP,India,,South,100151,FALSE
152,Riya,Singh,Riya Singh,Customer description 152,customer0152@example.com,9100000152,Address Line1 152,Address Line2 152,Pune,Haryana,India,,East,100152,TRUE
153,Manish,Gupta,Manish Gupta,Customer description 153,customer0153@example.com,9100000153,Address Line1 153,Address Line2 153,Bangalore,Delhi,India,,West,100153,FALSE
154,Nikhil,Patel,Nikhil Patel,Customer description 154,customer0154@example.com,9100000154,Address Line1 154,Address Line2 154,Chennai,Maharashtra,India,,Central,100154,TRUE
155,Kavita,Mehta,Kavita Mehta,Customer description 155,customer0155@example.com,9100000155,Address Line1 155,Address Line2 155,Hyderabad,Karnataka,India,,North,100155,FALSE
156,Deepak,Kumar,Deepak Kumar,Customer description 156,customer0156@example.com,9100000156,Address Line1 156,Address Line2 156,Jaipur,Tamil Nadu,India,,South,100156,TRUE
157,Simran,Joshi,Simran Joshi,Customer description 157,customer0157@example.com,9100000157,Address Line1 157,Address Line2 157,Indore,Telangana,India,,East,100157,FALSE
158,Gaurav,Yadav,Gaurav Yadav,Customer description 158,customer0158@example.com,9100000158,Address Line1 158,Address Line2 158,Noida,Rajasthan,India,,West,100158,TRUE
159,Isha,Chauhan,Isha Chauhan,Customer description 159,customer0159@example.com,9100000159,Address Line1 159,Address Line2 159,Gurgaon,MP,India,,Central,100159,FALSE
160,Amit,Sharma,Amit Sharma,Customer description 160,customer0160@example.com,9100000160,Address Line1 160,Address Line2 160,Delhi,UP,India,,North,100160,TRUE
161,Rahul,Verma,Rahul Verma,Customer description 161,customer0161@example.com,9100000161,Address Line1 161,Address Line2 161,Mumbai,Haryana,India,,South,100161,FALSE
162,Neha,Singh,Neha Singh,Customer description 162,customer0162@example.com,9100000162,Address Line1 162,Address Line2 162,Pune,Delhi,India,,East,100162,TRUE
163,Poonam,Gupta,Poonam Gupta,Customer description 163,customer0163@example.com,9100000163,Address Line1 163,Address Line2 163,Bangalore,Maharashtra,India,,West,100163,FALSE
164,Anita,Patel,Anita Patel,Customer description 164,customer0164@example.com,9100000164,Address Line1 164,Address Line2 164,Chennai,Karnataka,India,,Central,100164,TRUE
165,Rohit,Mehta,Rohit Mehta,Customer description 165,customer0165@example.com,9100000165,Address Line1 165,Address Line2 165,Hyderabad,Tamil Nadu,India,,North,100165,FALSE
166,Kiran,Kumar,Kiran Kumar,Customer description 166,customer0166@example.com,9100000166,Address Line1 166,Address Line2 166,Jaipur,Telangana,India,,South,100166,TRUE
167,Sneha,Joshi,Sneha Joshi,Customer description 167,customer0167@example.com,9100000167,Address Line1 167,Address Line2 167,Indore,Rajasthan,India,,East,100167,FALSE
168,Vikas,Yadav,Vikas Yadav,Customer description 168,customer0168@example.com,9100000168,Address Line1 168,Address Line2 168,Noida,MP,India,,West,100168,TRUE
169,Priya,Chauhan,Priya Chauhan,Customer description 169,customer0169@example.com,9100000169,Address Line1 169,Address Line2 169,Gurgaon,UP,India,,Central,100169,FALSE
170,Suman,Sharma,Suman Sharma,Customer description 170,customer0170@example.com,9100000170,Address Line1 170,Address Line2 170,Delhi,Haryana,India,,North,100170,TRUE
171,Arjun,Verma,Arjun Verma,Customer description 171,customer0171@example.com,9100000171,Address Line1 171,Address Line2 171,Mumbai,Delhi,India,,South,100171,FALSE
172,Riya,Singh,Riya Singh,Customer description 172,customer0172@example.com,9100000172,Address Line1 172,Address Line2 172,Pune,Maharashtra,India,,East,100172,TRUE
173,Manish,Gupta,Manish Gupta,Customer description 173,customer0173@example.com,9100000173,Address Line1 173,Address Line2 173,Bangalore,Karnataka,India,,West,100173,FALSE
174,Nikhil,Patel,Nikhil Patel,Customer description 174,customer0174@example.com,9100000174,Address Line1 174,Address Line2 174,Chennai,Tamil Nadu,India,,Central,100174,TRUE
175,Kavita,Mehta,Kavita Mehta,Customer description 175,customer0175@example.com,9100000175,Address Line1 175,Address Line2 175,Hyderabad,Telangana,India,,North,100175,FALSE
176,Deepak,Kumar,Deepak Kumar,Customer description 176,customer0176@example.com,9100000176,Address Line1 176,Address Line2 176,Jaipur,Rajasthan,India,,South,100176,TRUE
177,Simran,Joshi,Simran Joshi,Customer description 177,customer0177@example.com,9100000177,Address Line1 177,Address Line2 177,Indore,MP,India,,East,100177,FALSE
178,Gaurav,Yadav,Gaurav Yadav,Customer description 178,customer0178@example.com,9100000178,Address Line1 178,Address Line2 178,Noida,UP,India,,West,100178,TRUE
179,Isha,Chauhan,Isha Chauhan,Customer description 179,customer0179@example.com,9100000179,Address Line1 179,Address Line2 179,Gurgaon,Haryana,India,,Central,100179,FALSE
180,Amit,Sharma,Amit Sharma,Customer description 180,customer0180@example.com,9100000180,Address Line1 180,Address Line2 180,Delhi,Delhi,India,,North,100180,TRUE
181,Rahul,Verma,Rahul Verma,Customer description 181,customer0181@example.com,9100000181,Address Line1 181,Address Line2 181,Mumbai,Maharashtra,India,,South,100181,FALSE
182,Neha,Singh,Neha Singh,Customer description 182,customer0182@example.com,9100000182,Address Line1 182,Address Line2 182,Pune,Karnataka,India,,East,100182,TRUE
183,Poonam,Gupta,Poonam Gupta,Customer description 183,customer0183@example.com,9100000183,Address Line1 183,Address Line2 183,Bangalore,Tamil Nadu,India,,West,100183,FALSE
184,Anita,Patel,Anita Patel,Customer description 184,customer0184@example.com,9100000184,Address Line1 184,Address Line2 184,Chennai,Telangana,India,,Central,100184,TRUE
185,Rohit,Mehta,Rohit Mehta,Customer description 185,customer0185@example.com,9100000185,Address Line1 185,Address Line2 185,Hyderabad,Rajasthan,India,,North,100185,FALSE
186,Kiran,Kumar,Kiran Kumar,Customer description 186,customer0186@example.com,9100000186,Address Line1 186,Address Line2 186,Jaipur,MP,India,,South,100186,TRUE
187,Sneha,Joshi,Sneha Joshi,Customer description 187,customer0187@example.com,9100000187,Address Line1 187,Address Line2 187,Indore,UP,India,,East,100187,FALSE
188,Vikas,Yadav,Vikas Yadav,Customer description 188,customer0188@example.com,9100000188,Address Line1 188,Address Line2 188,Noida,Haryana,India,,West,100188,TRUE
189,Priya,Chauhan,Priya Chauhan,Customer description 189,customer0189@example.com,9100000189,Address Line1 189,Address Line2 189,Gurgaon,Delhi,India,,Central,100189,FALSE
190,Suman,Sharma,Suman Sharma,Customer description 190,customer0190@example.com,9100000190,Address Line1 190,Address Line2 190,Delhi,Maharashtra,India,,North,100190,TRUE
191,Arjun,Verma,Arjun Verma,Customer description 191,customer0191@example.com,9100000191,Address Line1 191,Address Line2 191,Mumbai,Karnataka,India,,South,100191,FALSE
192,Riya,Singh,Riya Singh,Customer description 192,customer0192@example.com,9100000192,Address Line1 192,Address Line2 192,Pune,Tamil Nadu,India,,East,100192,TRUE
193,Manish,Gupta,Manish Gupta,Customer description 193,customer0193@example.com,9100000193,Address Line1 193,Address Line2 193,Bangalore,Telangana,India,,West,100193,FALSE
194,Nikhil,Patel,Nikhil Patel,Customer description 194,customer0194@example.com,9100000194,Address Line1 194,Address Line2 194,Chennai,Rajasthan,India,,Central,100194,TRUE
195,Kavita,Mehta,Kavita Mehta,Customer description 195,customer0195@example.com,9100000195,Address Line1 195,Address Line2 195,Hyderabad,MP,India,,North,100195,FALSE
196,Deepak,Kumar,Deepak Kumar,Customer description 196,customer0196@example.com,9100000196,Address Line1 196,Address Line2 196,Jaipur,UP,India,,South,100196,TRUE
197,Simran,Joshi,Simran Joshi,Customer description 197,customer0197@example.com,9100000197,Address Line1 197,Address Line2 197,Indore,Haryana,India,,East,100197,FALSE
198,Gaurav,Yadav,Gaurav Yadav,Customer description 198,customer0198@example.com,9100000198,Address Line1 198,Address Line2 198,Noida,Delhi,India,,West,100198,TRUE
199,Isha,Chauhan,Isha Chauhan,Customer description 199,customer0199@example.com,9100000199,Address Line1 199,Address Line2 199,Gurgaon,Maharashtra,India,,Central,100199,FALSE
200,Amit,Sharma,Amit Sharma,Customer description 200,customer0200@example.com,9100000200,Address Line1 200,Address Line2 200,Delhi,Karnataka,India,,North,100200,TRUE
201,Rahul,Verma,Rahul Verma,Customer description 201,customer0201@example.com,9100000201,Address Line1 201,Address Line2 201,Mumbai,Tamil Nadu,India,,South,100201,FALSE
202,Neha,Singh,Neha Singh,Customer description 202,customer0202@example.com,9100000202,Address Line1 202,Address Line2 202,Pune,Telangana,India,,East,100202,TRUE
203,Poonam,Gupta,Poonam Gupta,Customer description 203,customer0203@example.com,9100000203,Address Line1 203,Address Line2 203,Bangalore,Rajasthan,India,,West,100203,FALSE
204,Anita,Patel,Anita Patel,Customer description 204,customer0204@example.com,9100000204,Address Line1 204,Address Line2 204,Chennai,MP,India,,Central,100204,TRUE
205,Rohit,Mehta,Rohit Mehta,Customer description 205,customer0205@example.com,9100000205,Address Line1 205,Address Line2 205,Hyderabad,UP,India,,North,100205,FALSE
206,Kiran,Kumar,Kiran Kumar,Customer description 206,customer0206@example.com,9100000206,Address Line1 206,Address Line2 206,Jaipur,Haryana,India,,South,100206,TRUE
207,Sneha,Joshi,Sneha Joshi,Customer description 207,customer0207@example.com,9100000207,Address Line1 207,Address Line2 207,Indore,Delhi,India,,East,100207,FALSE
208,Vikas,Yadav,Vikas Yadav,Customer description 208,customer0208@example.com,9100000208,Address Line1 208,Address Line2 208,Noida,Maharashtra,India,,West,100208,TRUE
209,Priya,Chauhan,Priya Chauhan,Customer description 209,customer0209@example.com,9100000209,Address Line1 209,Address Line2 209,Gurgaon,Karnataka,India,,Central,100209,FALSE
210,Suman,Sharma,Suman Sharma,Customer description 210,customer0210@example.com,9100000210,Address Line1 210,Address Line2 210,Delhi,Tamil Nadu,India,,North,100210,TRUE
211,Arjun,Verma,Arjun Verma,Customer description 211,customer0211@example.com,9100000211,Address Line1 211,Address Line2 211,Mumbai,Telangana,India,,South,100211,FALSE
212,Riya,Singh,Riya Singh,Customer description 212,customer0212@example.com,9100000212,Address Line1 212,Address Line2 212,Pune,Rajasthan,India,,East,100212,TRUE
213,Manish,Gupta,Manish Gupta,Customer description 213,customer0213@example.com,9100000213,Address Line1 213,Address Line2 213,Bangalore,MP,India,,West,100213,FALSE
214,Nikhil,Patel,Nikhil Patel,Customer description 214,customer0214@example.com,9100000214,Address Line1 214,Address Line2 214,Chennai,UP,India,,Central,100214,TRUE
215,Kavita,Mehta,Kavita Mehta,Customer description 215,customer0215@example.com,9100000215,Address Line1 215,Address Line2 215,Hyderabad,Haryana,India,,North,100215,FALSE
216,Deepak,Kumar,Deepak Kumar,Customer description 216,customer0216@example.com,9100000216,Address Line1 216,Address Line2 216,Jaipur,Delhi,India,,South,100216,TRUE
217,Simran,Joshi,Simran Joshi,Customer description 217,customer0217@example.com,9100000217,Address Line1 217,Address Line2 217,Indore,Maharashtra,India,,East,100217,FALSE
218,Gaurav,Yadav,Gaurav Yadav,Customer description 218,customer0218@example.com,9100000218,Address Line1 218,Address Line2 218,Noida,Karnataka,India,,West,100218,TRUE
219,Isha,Chauhan,Isha Chauhan,Customer description 219,customer0219@example.com,9100000219,Address Line1 219,Address Line2 219,Gurgaon,Tamil Nadu,India,,Central,100219,FALSE
220,Amit,Sharma,Amit Sharma,Customer description 220,customer0220@example.com,9100000220,Address Line1 220,Address Line2 220,Delhi,Telangana,India,,North,100220,TRUE
221,Rahul,Verma,Rahul Verma,Customer description 221,customer0221@example.com,9100000221,Address Line1 221,Address Line2 221,Mumbai,Rajasthan,India,,South,100221,FALSE
222,Neha,Singh,Neha Singh,Customer description 222,customer0222@example.com,9100000222,Address Line1 222,Address Line2 222,Pune,MP,India,,East,100222,TRUE
223,Poonam,Gupta,Poonam Gupta,Customer description 223,customer0223@example.com,9100000223,Address Line1 223,Address Line2 223,Bangalore,UP,India,,West,100223,FALSE
224,Anita,Patel,Anita Patel,Customer description 224,customer0224@example.com,9100000224,Address Line1 224,Address Line2 224,Chennai,Haryana,India,,Central,100224,TRUE
225,Rohit,Mehta,Rohit Mehta,Customer description 225,customer0225@example.com,9100000225,Address Line1 225,Address Line2 225,Hyderabad,Delhi,India,,North,100225,FALSE
226,Kiran,Kumar,Kiran Kumar,Customer description 226,customer0226@example.com,9100000226,Address Line1 226,Address Line2 226,Jaipur,Maharashtra,India,,South,100226,TRUE
227,Sneha,Joshi,Sneha Joshi,Customer description 227,customer0227@example.com,9100000227,Address Line1 227,Address Line2 227,Indore,Karnataka,India,,East,100227,FALSE
228,Vikas,Yadav,Vikas Yadav,Customer description 228,customer0228@example.com,9100000228,Address Line1 228,Address Line2 228,Noida,Tamil Nadu,India,,West,100228,TRUE
229,Priya,Chauhan,Priya Chauhan,Customer description 229,customer0229@example.com,9100000229,Address Line1 229,Address Line2 229,Gurgaon,Telangana,India,,Central,100229,FALSE
230,Suman,Sharma,Suman Sharma,Customer description 230,customer0230@example.com,9100000230,Address Line1 230,Address Line2 230,Delhi,Rajasthan,India,,North,100230,TRUE
231,Arjun,Verma,Arjun Verma,Customer description 231,customer0231@example.com,9100000231,Address Line1 231,Address Line2 231,Mumbai,MP,India,,South,100231,FALSE
232,Riya,Singh,Riya Singh,Customer description 232,customer0232@example.com,9100000232,Address Line1 232,Address Line2 232,Pune,UP,India,,East,100232,TRUE
233,Manish,Gupta,Manish Gupta,Customer description 233,customer0233@example.com,9100000233,Address Line1 233,Address Line2 233,Bangalore,Haryana,India,,West,100233,FALSE
234,Nikhil,Patel,Nikhil Patel,Customer description 234,customer0234@example.com,9100000234,Address Line1 234,Address Line2 234,Chennai,Delhi,India,,Central,100234,TRUE
235,Kavita,Mehta,Kavita Mehta,Customer description 235,customer0235@example.com,9100000235,Address Line1 235,Address Line2 235,Hyderabad,Maharashtra,India,,North,100235,FALSE
236,Deepak,Kumar,Deepak Kumar,Customer description 236,customer0236@example.com,9100000236,Address Line1 236,Address Line2 236,Jaipur,Karnataka,India,,South,100236,TRUE
237,Simran,Joshi,Simran Joshi,Customer description 237,customer0237@example.com,9100000237,Address Line1 237,Address Line2 237,Indore,Tamil Nadu,India,,East,100237,FALSE
238,Gaurav,Yadav,Gaurav Yadav,Customer description 238,customer0238@example.com,9100000238,Address Line1 238,Address Line2 238,Noida,Telangana,India,,West,100238,TRUE
239,Isha,Chauhan,Isha Chauhan,Customer description 239,customer0239@example.com,9100000239,Address Line1 239,Address Line2 239,Gurgaon,Rajasthan,India,,Central,100239,FALSE
240,Amit,Sharma,Amit Sharma,Customer description 240,customer0240@example.com,9100000240,Address Line1 240,Address Line2 240,Delhi,MP,India,,North,100240,TRUE
241,Rahul,Verma,Rahul Verma,Customer description 241,customer0241@example.com,9100000241,Address Line1 241,Address Line2 241,Mumbai,UP,India,,South,100241,FALSE
242,Neha,Singh,Neha Singh,Customer description 242,customer0242@example.com,9100000242,Address Line1 242,Address Line2 242,Pune,Haryana,India,,East,100242,TRUE
243,Poonam,Gupta,Poonam Gupta,Customer description 243,customer0243@example.com,9100000243,Address Line1 243,Address Line2 243,Bangalore,Delhi,India,,West,100243,FALSE
244,Anita,Patel,Anita Patel,Customer description 244,customer0244@example.com,9100000244,Address Line1 244,Address Line2 244,Chennai,Maharashtra,India,,Central,100244,TRUE
245,Rohit,Mehta,Rohit Mehta,Customer description 245,customer0245@example.com,9100000245,Address Line1 245,Address Line2 245,Hyderabad,Karnataka,India,,North,100245,FALSE
246,Kiran,Kumar,Kiran Kumar,Customer description 246,customer0246@example.com,9100000246,Address Line1 246,Address Line2 246,Jaipur,Tamil Nadu,India,,South,100246,TRUE
247,Sneha,Joshi,Sneha Joshi,Customer description 247,customer0247@example.com,9100000247,Address Line1 247,Address Line2 247,Indore,Telangana,India,,East,100247,FALSE
248,Vikas,Yadav,Vikas Yadav,Customer description 248,customer0248@example.com,9100000248,Address Line1 248,Address Line2 248,Noida,Rajasthan,India,,West,100248,TRUE
249,Priya,Chauhan,Priya Chauhan,Customer description 249,customer0249@example.com,9100000249,Address Line1 249,Address Line2 249,Gurgaon,MP,India,,Central,100249,FALSE
250,Suman,Sharma,Suman Sharma,Customer description 250,customer0250@example.com,9100000250,Address Line1 250,Address Line2 250,Delhi,UP,India,,North,100250,TRUE
251,Arjun,Verma,Arjun Verma,Customer description 251,customer0251@example.com,9100000251,Address Line1 251,Address Line2 251,Mumbai,Haryana,India,,South,100251,FALSE
252,Riya,Singh,Riya Singh,Customer description 252,customer0252@example.com,9100000252,Address Line1 252,Address Line2 252,Pune,Delhi,India,,East,100252,TRUE
253,Manish,Gupta,Manish Gupta,Customer description 253,customer0253@example.com,9100000253,Address Line1 253,Address Line2 253,Bangalore,Maharashtra,India,,West,100253,FALSE
254,Nikhil,Patel,Nikhil Patel,Customer description 254,customer0254@example.com,9100000254,Address Line1 254,Address Line2 254,Chennai,Karnataka,India,,Central,100254,TRUE
255,Kavita,Mehta,Kavita Mehta,Customer description 255,customer0255@example.com,9100000255,Address Line1 255,Address Line2 255,Hyderabad,Tamil Nadu,India,,North,100255,FALSE
256,Deepak,Kumar,Deepak Kumar,Customer description 256,customer0256@example.com,9100000256,Address Line1 256,Address Line2 256,Jaipur,Telangana,India,,South,100256,TRUE
257,Simran,Joshi,Simran Joshi,Customer description 257,customer0257@example.com,9100000257,Address Line1 257,Address Line2 257,Indore,Rajasthan,India,,East,100257,FALSE
258,Gaurav,Yadav,Gaurav Yadav,Customer description 258,customer0258@example.com,9100000258,Address Line1 258,Address Line2 258,Noida,MP,India,,West,100258,TRUE
259,Isha,Chauhan,Isha Chauhan,Customer description 259,customer0259@example.com,9100000259,Address Line1 259,Address Line2 259,Gurgaon,UP,India,,Central,100259,FALSE
260,Amit,Sharma,Amit Sharma,Customer description 260,customer0260@example.com,9100000260,Address Line1 260,Address Line2 260,Delhi,Haryana,India,,North,100260,TRUE
261,Rahul,Verma,Rahul Verma,Customer description 261,customer0261@example.com,9100000261,Address Line1 261,Address Line2 261,Mumbai,Delhi,India,,South,100261,FALSE
262,Neha,Singh,Neha Singh,Customer description 262,customer0262@example.com,9100000262,Address Line1 262,Address Line2 262,Pune,Maharashtra,India,,East,100262,TRUE
263,Poonam,Gupta,Poonam Gupta,Customer description 263,customer0263@example.com,9100000263,Address Line1 263,Address Line2 263,Bangalore,Karnataka,India,,West,100263,FALSE
264,Anita,Patel,Anita Patel,Customer description 264,customer0264@example.com,9100000264,Address Line1 264,Address Line2 264,Chennai,Tamil Nadu,India,,Central,100264,TRUE
265,Rohit,Mehta,Rohit Mehta,Customer description 265,customer0265@example.com,9100000265,Address Line1 265,Address Line2 265,Hyderabad,Telangana,India,,North,100265,FALSE
266,Kiran,Kumar,Kiran Kumar,Customer description 266,customer0266@example.com,9100000266,Address Line1 266,Address Line2 266,Jaipur,Rajasthan,India,,South,100266,TRUE
267,Sneha,Joshi,Sneha Joshi,Customer description 267,customer0267@example.com,9100000267,Address Line1 267,Address Line2 267,Indore,MP,India,,East,100267,FALSE
268,Vikas,Yadav,Vikas Yadav,Customer description 268,customer0268@example.com,9100000268,Address Line1 268,Address Line2 268,Noida,UP,India,,West,100268,TRUE
269,Priya,Chauhan,Priya Chauhan,Customer description 269,customer0269@example.com,9100000269,Address Line1 269,Address Line2 269,Gurgaon,Haryana,India,,Central,100269,FALSE
270,Suman,Sharma,Suman Sharma,Customer description 270,customer0270@example.com,9100000270,Address Line1 270,Address Line2 270,Delhi,Delhi,India,,North,100270,TRUE
271,Arjun,Verma,Arjun Verma,Customer description 271,customer0271@example.com,9100000271,Address Line1 271,Address Line2 271,Mumbai,Maharashtra,India,,South,100271,FALSE
272,Riya,Singh,Riya Singh,Customer description 272,customer0272@example.com,9100000272,Address Line1 272,Address Line2 272,Pune,Karnataka,India,,East,100272,TRUE
273,Manish,Gupta,Manish Gupta,Customer description 273,customer0273@example.com,9100000273,Address Line1 273,Address Line2 273,Bangalore,Tamil Nadu,India,,West,100273,FALSE
274,Nikhil,Patel,Nikhil Patel,Customer description 274,customer0274@example.com,9100000274,Address Line1 274,Address Line2 274,Chennai,Telangana,India,,Central,100274,TRUE
275,Kavita,Mehta,Kavita Mehta,Customer description 275,customer0275@example.com,9100000275,Address Line1 275,Address Line2 275,Hyderabad,Rajasthan,India,,North,100275,FALSE
276,Deepak,Kumar,Deepak Kumar,Customer description 276,customer0276@example.com,9100000276,Address Line1 276,Address Line2 276,Jaipur,MP,India,,South,100276,TRUE
277,Simran,Joshi,Simran Joshi,Customer description 277,customer0277@example.com,9100000277,Address Line1 277,Address Line2 277,Indore,UP,India,,East,100277,FALSE
278,Gaurav,Yadav,Gaurav Yadav,Customer description 278,customer0278@example.com,9100000278,Address Line1 278,Address Line2 278,Noida,Haryana,India,,West,100278,TRUE
279,Isha,Chauhan,Isha Chauhan,Customer description 279,customer0279@example.com,9100000279,Address Line1 279,Address Line2 279,Gurgaon,Delhi,India,,Central,100279,FALSE
280,Amit,Sharma,Amit Sharma,Customer description 280,customer0280@example.com,9100000280,Address Line1 280,Address Line2 280,Delhi,Maharashtra,India,,North,100280,TRUE
281,Rahul,Verma,Rahul Verma,Customer description 281,customer0281@example.com,9100000281,Address Line1 281,Address Line2 281,Mumbai,Karnataka,India,,South,100281,FALSE
282,Neha,Singh,Neha Singh,Customer description 282,customer0282@example.com,9100000282,Address Line1 282,Address Line2 282,Pune,Tamil Nadu,India,,East,100282,TRUE
283,Poonam,Gupta,Poonam Gupta,Customer description 283,customer0283@example.com,9100000283,Address Line1 283,Address Line2 283,Bangalore,Telangana,India,,West,100283,FALSE
284,Anita,Patel,Anita Patel,Customer description 284,customer0284@example.com,9100000284,Address Line1 284,Address Line2 284,Chennai,Rajasthan,India,,Central,100284,TRUE
285,Rohit,Mehta,Rohit Mehta,Customer description 285,customer0285@example.com,9100000285,Address Line1 285,Address Line2 285,Hyderabad,MP,India,,North,100285,FALSE
286,Kiran,Kumar,Kiran Kumar,Customer description 286,customer0286@example.com,9100000286,Address Line1 286,Address Line2 286,Jaipur,UP,India,,South,100286,TRUE
287,Sneha,Joshi,Sneha Joshi,Customer description 287,customer0287@example.com,9100000287,Address Line1 287,Address Line2 287,Indore,Haryana,India,,East,100287,FALSE
288,Vikas,Yadav,Vikas Yadav,Customer description 288,customer0288@example.com,9100000288,Address Line1 288,Address Line2 288,Noida,Delhi,India,,West,100288,TRUE
289,Priya,Chauhan,Priya Chauhan,Customer description 289,customer0289@example.com,9100000289,Address Line1 289,Address Line2 289,Gurgaon,Maharashtra,India,,Central,100289,FALSE
290,Suman,Sharma,Suman Sharma,Customer description 290,customer0290@example.com,9100000290,Address Line1 290,Address Line2 290,Delhi,Karnataka,India,,North,100290,TRUE
291,Arjun,Verma,Arjun Verma,Customer description 291,customer0291@example.com,9100000291,Address Line1 291,Address Line2 291,Mumbai,Tamil Nadu,India,,South,100291,FALSE
292,Riya,Singh,Riya Singh,Customer description 292,customer0292@example.com,9100000292,Address Line1 292,Address Line2 292,Pune,Telangana,India,,East,100292,TRUE
293,Manish,Gupta,Manish Gupta,Customer description 293,customer0293@example.com,9100000293,Address Line1 293,Address Line2 293,Bangalore,Rajasthan,India,,West,100293,FALSE
294,Nikhil,Patel,Nikhil Patel,Customer description 294,customer0294@example.com,9100000294,Address Line1 294,Address Line2 294,Chennai,MP,India,,Central,100294,TRUE
295,Kavita,Mehta,Kavita Mehta,Customer description 295,customer0295@example.com,9100000295,Address Line1 295,Address Line2 295,Hyderabad,UP,India,,North,100295,FALSE
296,Deepak,Kumar,Deepak Kumar,Customer description 296,customer0296@example.com,9100000296,Address Line1 296,Address Line2 296,Jaipur,Haryana,India,,South,100296,TRUE
297,Simran,Joshi,Simran Joshi,Customer description 297,customer0297@example.com,9100000297,Address Line1 297,Address Line2 297,Indore,Delhi,India,,East,100297,FALSE
298,Gaurav,Yadav,Gaurav Yadav,Customer description 298,customer0298@example.com,9100000298,Address Line1 298,Address Line2 298,Noida,Maharashtra,India,,West,100298,TRUE
299,Isha,Chauhan,Isha Chauhan,Customer description 299,customer0299@example.com,9100000299,Address Line1 299,Address Line2 299,Gurgaon,Karnataka,India,,Central,100299,FALSE
300,Amit,Sharma,Amit Sharma,Customer description 300,customer0300@example.com,9100000300,Address Line1 300,Address Line2 300,Delhi,Tamil Nadu,India,,North,100300,TRUE
301,Rahul,Verma,Rahul Verma,Customer description 301,customer0301@example.com,9100000301,Address Line1 301,Address Line2 301,Mumbai,Telangana,India,,South,100301,FALSE
302,Neha,Singh,Neha Singh,Customer description 302,customer0302@example.com,9100000302,Address Line1 302,Address Line2 302,Pune,Rajasthan,India,,East,100302,TRUE
303,Poonam,Gupta,Poonam Gupta,Customer description 303,customer0303@example.com,9100000303,Address Line1 303,Address Line2 303,Bangalore,MP,India,,West,100303,FALSE
304,Anita,Patel,Anita Patel,Customer description 304,customer0304@example.com,9100000304,Address Line1 304,Address Line2 304,Chennai,UP,India,,Central,100304,TRUE
305,Rohit,Mehta,Rohit Mehta,Customer description 305,customer0305@example.com,9100000305,Address Line1 305,Address Line2 305,Hyderabad,Haryana,India,,North,100305,FALSE
306,Kiran,Kumar,Kiran Kumar,Customer description 306,customer0306@example.com,9100000306,Address Line1 306,Address Line2 306,Jaipur,Delhi,India,,South,100306,TRUE
307,Sneha,Joshi,Sneha Joshi,Customer description 307,customer0307@example.com,9100000307,Address Line1 307,Address Line2 307,Indore,Maharashtra,India,,East,100307,FALSE
308,Vikas,Yadav,Vikas Yadav,Customer description 308,customer0308@example.com,9100000308,Address Line1 308,Address Line2 308,Noida,Karnataka,India,,West,100308,TRUE
309,Priya,Chauhan,Priya Chauhan,Customer description 309,customer0309@example.com,9100000309,Address Line1 309,Address Line2 309,Gurgaon,Tamil Nadu,India,,Central,100309,FALSE
310,Suman,Sharma,Suman Sharma,Customer description 310,customer0310@example.com,9100000310,Address Line1 310,Address Line2 310,Delhi,Telangana,India,,North,100310,TRUE
311,Arjun,Verma,Arjun Verma,Customer description 311,customer0311@example.com,9100000311,Address Line1 311,Address Line2 311,Mumbai,Rajasthan,India,,South,100311,FALSE
312,Riya,Singh,Riya Singh,Customer description 312,customer0312@example.com,9100000312,Address Line1 312,Address Line2 312,Pune,MP,India,,East,100312,TRUE
313,Manish,Gupta,Manish Gupta,Customer description 313,customer0313@example.com,9100000313,Address Line1 313,Address Line2 313,Bangalore,UP,India,,West,100313,FALSE
314,Nikhil,Patel,Nikhil Patel,Customer description 314,customer0314@example.com,9100000314,Address Line1 314,Address Line2 314,Chennai,Haryana,India,,Central,100314,TRUE
315,Kavita,Mehta,Kavita Mehta,Customer description 315,customer0315@example.com,9100000315,Address Line1 315,Address Line2 315,Hyderabad,Delhi,India,,North,100315,FALSE
316,Deepak,Kumar,Deepak Kumar,Customer description 316,customer0316@example.com,9100000316,Address Line1 316,Address Line2 316,Jaipur,Maharashtra,India,,South,100316,TRUE
317,Simran,Joshi,Simran Joshi,Customer description 317,customer0317@example.com,9100000317,Address Line1 317,Address Line2 317,Indore,Karnataka,India,,East,100317,FALSE
318,Gaurav,Yadav,Gaurav Yadav,Customer description 318,customer0318@example.com,9100000318,Address Line1 318,Address Line2 318,Noida,Tamil Nadu,India,,West,100318,TRUE
319,Isha,Chauhan,Isha Chauhan,Customer description 319,customer0319@example.com,9100000319,Address Line1 319,Address Line2 319,Gurgaon,Telangana,India,,Central,100319,FALSE
320,Amit,Sharma,Amit Sharma,Customer description 320,customer0320@example.com,9100000320,Address Line1 320,Address Line2 320,Delhi,Rajasthan,India,,North,100320,TRUE
321,Rahul,Verma,Rahul Verma,Customer description 321,customer0321@example.com,9100000321,Address Line1 321,Address Line2 321,Mumbai,MP,India,,South,100321,FALSE
322,Neha,Singh,Neha Singh,Customer description 322,customer0322@example.com,9100000322,Address Line1 322,Address Line2 322,Pune,UP,India,,East,100322,TRUE
323,Poonam,Gupta,Poonam Gupta,Customer description 323,customer0323@example.com,9100000323,Address Line1 323,Address Line2 323,Bangalore,Haryana,India,,West,100323,FALSE
324,Anita,Patel,Anita Patel,Customer description 324,customer0324@example.com,9100000324,Address Line1 324,Address Line2 324,Chennai,Delhi,India,,Central,100324,TRUE
325,Rohit,Mehta,Rohit Mehta,Customer description 325,customer0325@example.com,9100000325,Address Line1 325,Address Line2 325,Hyderabad,Maharashtra,India,,North,100325,FALSE
326,Kiran,Kumar,Kiran Kumar,Customer description 326,customer0326@example.com,9100000326,Address Line1 326,Address Line2 326,Jaipur,Karnataka,India,,South,100326,TRUE
327,Sneha,Joshi,Sneha Joshi,Customer description 327,customer0327@example.com,9100000327,Address Line1 327,Address Line2 327,Indore,Tamil Nadu,India,,East,100327,FALSE
328,Vikas,Yadav,Vikas Yadav,Customer description 328,customer0328@example.com,9100000328,Address Line1 328,Address Line2 328,Noida,Telangana,India,,West,100328,TRUE
329,Priya,Chauhan,Priya Chauhan,Customer description 329,customer0329@example.com,9100000329,Address Line1 329,Address Line2 329,Gurgaon,Rajasthan,India,,Central,100329,FALSE
330,Suman,Sharma,Suman Sharma,Customer description 330,customer0330@example.com,9100000330,Address Line1 330,Address Line2 330,Delhi,MP,India,,North,100330,TRUE
331,Arjun,Verma,Arjun Verma,Customer description 331,customer0331@example.com,9100000331,Address Line1 331,Address Line2 331,Mumbai,UP,India,,South,100331,FALSE
332,Riya,Singh,Riya Singh,Customer description 332,customer0332@example.com,9100000332,Address Line1 332,Address Line2 332,Pune,Haryana,India,,East,100332,TRUE
333,Manish,Gupta,Manish Gupta,Customer description 333,customer0333@example.com,9100000333,Address Line1 333,Address Line2 333,Bangalore,Delhi,India,,West,100333,FALSE
334,Nikhil,Patel,Nikhil Patel,Customer description 334,customer0334@example.com,9100000334,Address Line1 334,Address Line2 334,Chennai,Maharashtra,India,,Central,100334,TRUE
335,Kavita,Mehta,Kavita Mehta,Customer description 335,customer0335@example.com,9100000335,Address Line1 335,Address Line2 335,Hyderabad,Karnataka,India,,North,100335,FALSE
336,Deepak,Kumar,Deepak Kumar,Customer description 336,customer0336@example.com,9100000336,Address Line1 336,Address Line2 336,Jaipur,Tamil Nadu,India,,South,100336,TRUE
337,Simran,Joshi,Simran Joshi,Customer description 337,customer0337@example.com,9100000337,Address Line1 337,Address Line2 337,Indore,Telangana,India,,East,100337,FALSE
338,Gaurav,Yadav,Gaurav Yadav,Customer description 338,customer0338@example.com,9100000338,Address Line1 338,Address Line2 338,Noida,Rajasthan,India,,West,100338,TRUE
339,Isha,Chauhan,Isha Chauhan,Customer description 339,customer0339@example.com,9100000339,Address Line1 339,Address Line2 339,Gurgaon,MP,India,,Central,100339,FALSE
340,Amit,Sharma,Amit Sharma,Customer description 340,customer0340@example.com,9100000340,Address Line1 340,Address Line2 340,Delhi,UP,India,,North,100340,TRUE
341,Rahul,Verma,Rahul Verma,Customer description 341,customer0341@example.com,9100000341,Address Line1 341,Address Line2 341,Mumbai,Haryana,India,,South,100341,FALSE
342,Neha,Singh,Neha Singh,Customer description 342,customer0342@example.com,9100000342,Address Line1 342,Address Line2 342,Pune,Delhi,India,,East,100342,TRUE
343,Poonam,Gupta,Poonam Gupta,Customer description 343,customer0343@example.com,9100000343,Address Line1 343,Address Line2 343,Bangalore,Maharashtra,India,,West,100343,FALSE
344,Anita,Patel,Anita Patel,Customer description 344,customer0344@example.com,9100000344,Address Line1 344,Address Line2 344,Chennai,Karnataka,India,,Central,100344,TRUE
345,Rohit,Mehta,Rohit Mehta,Customer description 345,customer0345@example.com,9100000345,Address Line1 345,Address Line2 345,Hyderabad,Tamil Nadu,India,,North,100345,FALSE
346,Kiran,Kumar,Kiran Kumar,Customer description 346,customer0346@example.com,9100000346,Address Line1 346,Address Line2 346,Jaipur,Telangana,India,,South,100346,TRUE
347,Sneha,Joshi,Sneha Joshi,Customer description 347,customer0347@example.com,9100000347,Address Line1 347,Address Line2 347,Indore,Rajasthan,India,,East,100347,FALSE
348,Vikas,Yadav,Vikas Yadav,Customer description 348,customer0348@example.com,9100000348,Address Line1 348,Address Line2 348,Noida,MP,India,,West,100348,TRUE
349,Priya,Chauhan,Priya Chauhan,Customer description 349,customer0349@example.com,9100000349,Address Line1 349,Address Line2 349,Gurgaon,UP,India,,Central,100349,FALSE
350,Suman,Sharma,Suman Sharma,Customer description 350,customer0350@example.com,9100000350,Address Line1 350,Address Line2 350,Delhi,Haryana,India,,North,100350,TRUE
351,Arjun,Verma,Arjun Verma,Customer description 351,customer0351@example.com,9100000351,Address Line1 351,Address Line2 351,Mumbai,Delhi,India,,South,100351,FALSE
352,Riya,Singh,Riya Singh,Customer description 352,customer0352@example.com,9100000352,Address Line1 352,Address Line2 352,Pune,Maharashtra,India,,East,100352,TRUE
353,Manish,Gupta,Manish Gupta,Customer description 353,customer0353@example.com,9100000353,Address Line1 353,Address Line2 353,Bangalore,Karnataka,India,,West,100353,FALSE
354,Nikhil,Patel,Nikhil Patel,Customer description 354,customer0354@example.com,9100000354,Address Line1 354,Address Line2 354,Chennai,Tamil Nadu,India,,Central,100354,TRUE
355,Kavita,Mehta,Kavita Mehta,Customer description 355,customer0355@example.com,9100000355,Address Line1 355,Address Line2 355,Hyderabad,Telangana,India,,North,100355,FALSE
356,Deepak,Kumar,Deepak Kumar,Customer description 356,customer0356@example.com,9100000356,Address Line1 356,Address Line2 356,Jaipur,Rajasthan,India,,South,100356,TRUE
357,Simran,Joshi,Simran Joshi,Customer description 357,customer0357@example.com,9100000357,Address Line1 357,Address Line2 357,Indore,MP,India,,East,100357,FALSE
358,Gaurav,Yadav,Gaurav Yadav,Customer description 358,customer0358@example.com,9100000358,Address Line1 358,Address Line2 358,Noida,UP,India,,West,100358,TRUE
359,Isha,Chauhan,Isha Chauhan,Customer description 359,customer0359@example.com,9100000359,Address Line1 359,Address Line2 359,Gurgaon,Haryana,India,,Central,100359,FALSE
360,Amit,Sharma,Amit Sharma,Customer description 360,customer0360@example.com,9100000360,Address Line1 360,Address Line2 360,Delhi,Delhi,India,,North,100360,TRUE
361,Rahul,Verma,Rahul Verma,Customer description 361,customer0361@example.com,9100000361,Address Line1 361,Address Line2 361,Mumbai,Maharashtra,India,,South,100361,FALSE
362,Neha,Singh,Neha Singh,Customer description 362,customer0362@example.com,9100000362,Address Line1 362,Address Line2 362,Pune,Karnataka,India,,East,100362,TRUE
363,Poonam,Gupta,Poonam Gupta,Customer description 363,customer0363@example.com,9100000363,Address Line1 363,Address Line2 363,Bangalore,Tamil Nadu,India,,West,100363,FALSE
364,Anita,Patel,Anita Patel,Customer description 364,customer0364@example.com,9100000364,Address Line1 364,Address Line2 364,Chennai,Telangana,India,,Central,100364,TRUE
365,Rohit,Mehta,Rohit Mehta,Customer description 365,customer0365@example.com,9100000365,Address Line1 365,Address Line2 365,Hyderabad,Rajasthan,India,,North,100365,FALSE
366,Kiran,Kumar,Kiran Kumar,Customer description 366,customer0366@example.com,9100000366,Address Line1 366,Address Line2 366,Jaipur,MP,India,,South,100366,TRUE
367,Sneha,Joshi,Sneha Joshi,Customer description 367,customer0367@example.com,9100000367,Address Line1 367,Address Line2 367,Indore,UP,India,,East,100367,FALSE
368,Vikas,Yadav,Vikas Yadav,Customer description 368,customer0368@example.com,9100000368,Address Line1 368,Address Line2 368,Noida,Haryana,India,,West,100368,TRUE
369,Priya,Chauhan,Priya Chauhan,Customer description 369,customer0369@example.com,9100000369,Address Line1 369,Address Line2 369,Gurgaon,Delhi,India,,Central,100369,FALSE
370,Suman,Sharma,Suman Sharma,Customer description 370,customer0370@example.com,9100000370,Address Line1 370,Address Line2 370,Delhi,Maharashtra,India,,North,100370,TRUE
371,Arjun,Verma,Arjun Verma,Customer description 371,customer0371@example.com,9100000371,Address Line1 371,Address Line2 371,Mumbai,Karnataka,India,,South,100371,FALSE
372,Riya,Singh,Riya Singh,Customer description 372,customer0372@example.com,9100000372,Address Line1 372,Address Line2 372,Pune,Tamil Nadu,India,,East,100372,TRUE
373,Manish,Gupta,Manish Gupta,Customer description 373,customer0373@example.com,9100000373,Address Line1 373,Address Line2 373,Bangalore,Telangana,India,,West,100373,FALSE
374,Nikhil,Patel,Nikhil Patel,Customer description 374,customer0374@example.com,9100000374,Address Line1 374,Address Line2 374,Chennai,Rajasthan,India,,Central,100374,TRUE
375,Kavita,Mehta,Kavita Mehta,Customer description 375,customer0375@example.com,9100000375,Address Line1 375,Address Line2 375,Hyderabad,MP,India,,North,100375,FALSE
376,Deepak,Kumar,Deepak Kumar,Customer description 376,customer0376@example.com,9100000376,Address Line1 376,Address Line2 376,Jaipur,UP,India,,South,100376,TRUE
377,Simran,Joshi,Simran Joshi,Customer description 377,customer0377@example.com,9100000377,Address Line1 377,Address Line2 377,Indore,Haryana,India,,East,100377,FALSE
378,Gaurav,Yadav,Gaurav Yadav,Customer description 378,customer0378@example.com,9100000378,Address Line1 378,Address Line2 378,Noida,Delhi,India,,West,100378,TRUE
379,Isha,Chauhan,Isha Chauhan,Customer description 379,customer0379@example.com,9100000379,Address Line1 379,Address Line2 379,Gurgaon,Maharashtra,India,,Central,100379,FALSE
380,Amit,Sharma,Amit Sharma,Customer description 380,customer0380@example.com,9100000380,Address Line1 380,Address Line2 380,Delhi,Karnataka,India,,North,100380,TRUE
381,Rahul,Verma,Rahul Verma,Customer description 381,customer0381@example.com,9100000381,Address Line1 381,Address Line2 381,Mumbai,Tamil Nadu,India,,South,100381,FALSE
382,Neha,Singh,Neha Singh,Customer description 382,customer0382@example.com,9100000382,Address Line1 382,Address Line2 382,Pune,Telangana,India,,East,100382,TRUE
383,Poonam,Gupta,Poonam Gupta,Customer description 383,customer0383@example.com,9100000383,Address Line1 383,Address Line2 383,Bangalore,Rajasthan,India,,West,100383,FALSE
384,Anita,Patel,Anita Patel,Customer description 384,customer0384@example.com,9100000384,Address Line1 384,Address Line2 384,Chennai,MP,India,,Central,100384,TRUE
385,Rohit,Mehta,Rohit Mehta,Customer description 385,customer0385@example.com,9100000385,Address Line1 385,Address Line2 385,Hyderabad,UP,India,,North,100385,FALSE
386,Kiran,Kumar,Kiran Kumar,Customer description 386,customer0386@example.com,9100000386,Address Line1 386,Address Line2 386,Jaipur,Haryana,India,,South,100386,TRUE
387,Sneha,Joshi,Sneha Joshi,Customer description 387,customer0387@example.com,9100000387,Address Line1 387,Address Line2 387,Indore,Delhi,India,,East,100387,FALSE
388,Vikas,Yadav,Vikas Yadav,Customer description 388,customer0388@example.com,9100000388,Address Line1 388,Address Line2 388,Noida,Maharashtra,India,,West,100388,TRUE
389,Priya,Chauhan,Priya Chauhan,Customer description 389,customer0389@example.com,9100000389,Address Line1 389,Address Line2 389,Gurgaon,Karnataka,India,,Central,100389,FALSE
390,Suman,Sharma,Suman Sharma,Customer description 390,customer0390@example.com,9100000390,Address Line1 390,Address Line2 390,Delhi,Tamil Nadu,India,,North,100390,TRUE
391,Arjun,Verma,Arjun Verma,Customer description 391,customer0391@example.com,9100000391,Address Line1 391,Address Line2 391,Mumbai,Telangana,India,,South,100391,FALSE
392,Riya,Singh,Riya Singh,Customer description 392,customer0392@example.com,9100000392,Address Line1 392,Address Line2 392,Pune,Rajasthan,India,,East,100392,TRUE
393,Manish,Gupta,Manish Gupta,Customer description 393,customer0393@example.com,9100000393,Address Line1 393,Address Line2 393,Bangalore,MP,India,,West,100393,FALSE
394,Nikhil,Patel,Nikhil Patel,Customer description 394,customer0394@example.com,9100000394,Address Line1 394,Address Line2 394,Chennai,UP,India,,Central,100394,TRUE
395,Kavita,Mehta,Kavita Mehta,Customer description 395,customer0395@example.com,9100000395,Address Line1 395,Address Line2 395,Hyderabad,Haryana,India,,North,100395,FALSE
396,Deepak,Kumar,Deepak Kumar,Customer description 396,customer0396@example.com,9100000396,Address Line1 396,Address Line2 396,Jaipur,Delhi,India,,South,100396,TRUE
397,Simran,Joshi,Simran Joshi,Customer description 397,customer0397@example.com,9100000397,Address Line1 397,Address Line2 397,Indore,Maharashtra,India,,East,100397,FALSE
398,Gaurav,Yadav,Gaurav Yadav,Customer description 398,customer0398@example.com,9100000398,Address Line1 398,Address Line2 398,Noida,Karnataka,India,,West,100398,TRUE
399,Isha,Chauhan,Isha Chauhan,Customer description 399,customer0399@example.com,9100000399,Address Line1 399,Address Line2 399,Gurgaon,Tamil Nadu,India,,Central,100399,FALSE
400,Amit,Sharma,Amit Sharma,Customer description 400,customer0400@example.com,9100000400,Address Line1 400,Address Line2 400,Delhi,Telangana,India,,North,100400,TRUE
401,Rahul,Verma,Rahul Verma,Customer description 401,customer0401@example.com,9100000401,Address Line1 401,Address Line2 401,Mumbai,Rajasthan,India,,South,100401,FALSE
402,Neha,Singh,Neha Singh,Customer description 402,customer0402@example.com,9100000402,Address Line1 402,Address Line2 402,Pune,MP,India,,East,100402,TRUE
403,Poonam,Gupta,Poonam Gupta,Customer description 403,customer0403@example.com,9100000403,Address Line1 403,Address Line2 403,Bangalore,UP,India,,West,100403,FALSE
404,Anita,Patel,Anita Patel,Customer description 404,customer0404@example.com,9100000404,Address Line1 404,Address Line2 404,Chennai,Haryana,India,,Central,100404,TRUE
405,Rohit,Mehta,Rohit Mehta,Customer description 405,customer0405@example.com,9100000405,Address Line1 405,Address Line2 405,Hyderabad,Delhi,India,,North,100405,FALSE
406,Kiran,Kumar,Kiran Kumar,Customer description 406,customer0406@example.com,9100000406,Address Line1 406,Address Line2 406,Jaipur,Maharashtra,India,,South,100406,TRUE
407,Sneha,Joshi,Sneha Joshi,Customer description 407,customer0407@example.com,9100000407,Address Line1 407,Address Line2 407,Indore,Karnataka,India,,East,100407,FALSE
408,Vikas,Yadav,Vikas Yadav,Customer description 408,customer0408@example.com,9100000408,Address Line1 408,Address Line2 408,Noida,Tamil Nadu,India,,West,100408,TRUE
409,Priya,Chauhan,Priya Chauhan,Customer description 409,customer0409@example.com,9100000409,Address Line1 409,Address Line2 409,Gurgaon,Telangana,India,,Central,100409,FALSE
410,Suman,Sharma,Suman Sharma,Customer description 410,customer0410@example.com,9100000410,Address Line1 410,Address Line2 410,Delhi,Rajasthan,India,,North,100410,TRUE
411,Arjun,Verma,Arjun Verma,Customer description 411,customer0411@example.com,9100000411,Address Line1 411,Address Line2 411,Mumbai,MP,India,,South,100411,FALSE
412,Riya,Singh,Riya Singh,Customer description 412,customer0412@example.com,9100000412,Address Line1 412,Address Line2 412,Pune,UP,India,,East,100412,TRUE
413,Manish,Gupta,Manish Gupta,Customer description 413,customer0413@example.com,9100000413,Address Line1 413,Address Line2 413,Bangalore,Haryana,India,,West,100413,FALSE
414,Nikhil,Patel,Nikhil Patel,Customer description 414,customer0414@example.com,9100000414,Address Line1 414,Address Line2 414,Chennai,Delhi,India,,Central,100414,TRUE
415,Kavita,Mehta,Kavita Mehta,Customer description 415,customer0415@example.com,9100000415,Address Line1 415,Address Line2 415,Hyderabad,Maharashtra,India,,North,100415,FALSE
416,Deepak,Kumar,Deepak Kumar,Customer description 416,customer0416@example.com,9100000416,Address Line1 416,Address Line2 416,Jaipur,Karnataka,India,,South,100416,TRUE
417,Simran,Joshi,Simran Joshi,Customer description 417,customer0417@example.com,9100000417,Address Line1 417,Address Line2 417,Indore,Tamil Nadu,India,,East,100417,FALSE
418,Gaurav,Yadav,Gaurav Yadav,Customer description 418,customer0418@example.com,9100000418,Address Line1 418,Address Line2 418,Noida,Telangana,India,,West,100418,TRUE
419,Isha,Chauhan,Isha Chauhan,Customer description 419,customer0419@example.com,9100000419,Address Line1 419,Address Line2 419,Gurgaon,Rajasthan,India,,Central,100419,FALSE
420,Amit,Sharma,Amit Sharma,Customer description 420,customer0420@example.com,9100000420,Address Line1 420,Address Line2 420,Delhi,MP,India,,North,100420,TRUE
421,Rahul,Verma,Rahul Verma,Customer description 421,customer0421@example.com,9100000421,Address Line1 421,Address Line2 421,Mumbai,UP,India,,South,100421,FALSE
422,Neha,Singh,Neha Singh,Customer description 422,customer0422@example.com,9100000422,Address Line1 422,Address Line2 422,Pune,Haryana,India,,East,100422,TRUE
423,Poonam,Gupta,Poonam Gupta,Customer description 423,customer0423@example.com,9100000423,Address Line1 423,Address Line2 423,Bangalore,Delhi,India,,West,100423,FALSE
424,Anita,Patel,Anita Patel,Customer description 424,customer0424@example.com,9100000424,Address Line1 424,Address Line2 424,Chennai,Maharashtra,India,,Central,100424,TRUE
425,Rohit,Mehta,Rohit Mehta,Customer description 425,customer0425@example.com,9100000425,Address Line1 425,Address Line2 425,Hyderabad,Karnataka,India,,North,100425,FALSE
426,Kiran,Kumar,Kiran Kumar,Customer description 426,customer0426@example.com,9100000426,Address Line1 426,Address Line2 426,Jaipur,Tamil Nadu,India,,South,100426,TRUE
427,Sneha,Joshi,Sneha Joshi,Customer description 427,customer0427@example.com,9100000427,Address Line1 427,Address Line2 427,Indore,Telangana,India,,East,100427,FALSE
428,Vikas,Yadav,Vikas Yadav,Customer description 428,customer0428@example.com,9100000428,Address Line1 428,Address Line2 428,Noida,Rajasthan,India,,West,100428,TRUE
429,Priya,Chauhan,Priya Chauhan,Customer description 429,customer0429@example.com,9100000429,Address Line1 429,Address Line2 429,Gurgaon,MP,India,,Central,100429,FALSE
430,Suman,Sharma,Suman Sharma,Customer description 430,customer0430@example.com,9100000430,Address Line1 430,Address Line2 430,Delhi,UP,India,,North,100430,TRUE
431,Arjun,Verma,Arjun Verma,Customer description 431,customer0431@example.com,9100000431,Address Line1 431,Address Line2 431,Mumbai,Haryana,India,,South,100431,FALSE
432,Riya,Singh,Riya Singh,Customer description 432,customer0432@example.com,9100000432,Address Line1 432,Address Line2 432,Pune,Delhi,India,,East,100432,TRUE
433,Manish,Gupta,Manish Gupta,Customer description 433,customer0433@example.com,9100000433,Address Line1 433,Address Line2 433,Bangalore,Maharashtra,India,,West,100433,FALSE
434,Nikhil,Patel,Nikhil Patel,Customer description 434,customer0434@example.com,9100000434,Address Line1 434,Address Line2 434,Chennai,Karnataka,India,,Central,100434,TRUE
435,Kavita,Mehta,Kavita Mehta,Customer description 435,customer0435@example.com,9100000435,Address Line1 435,Address Line2 435,Hyderabad,Tamil Nadu,India,,North,100435,FALSE
436,Deepak,Kumar,Deepak Kumar,Customer description 436,customer0436@example.com,9100000436,Address Line1 436,Address Line2 436,Jaipur,Telangana,India,,South,100436,TRUE
437,Simran,Joshi,Simran Joshi,Customer description 437,customer0437@example.com,9100000437,Address Line1 437,Address Line2 437,Indore,Rajasthan,India,,East,100437,FALSE
438,Gaurav,Yadav,Gaurav Yadav,Customer description 438,customer0438@example.com,9100000438,Address Line1 438,Address Line2 438,Noida,MP,India,,West,100438,TRUE
439,Isha,Chauhan,Isha Chauhan,Customer description 439,customer0439@example.com,9100000439,Address Line1 439,Address Line2 439,Gurgaon,UP,India,,Central,100439,FALSE
440,Amit,Sharma,Amit Sharma,Customer description 440,customer0440@example.com,9100000440,Address Line1 440,Address Line2 440,Delhi,Haryana,India,,North,100440,TRUE
441,Rahul,Verma,Rahul Verma,Customer description 441,customer0441@example.com,9100000441,Address Line1 441,Address Line2 441,Mumbai,Delhi,India,,South,100441,FALSE
442,Neha,Singh,Neha Singh,Customer description 442,customer0442@example.com,9100000442,Address Line1 442,Address Line2 442,Pune,Maharashtra,India,,East,100442,TRUE
443,Poonam,Gupta,Poonam Gupta,Customer description 443,customer0443@example.com,9100000443,Address Line1 443,Address Line2 443,Bangalore,Karnataka,India,,West,100443,FALSE
444,Anita,Patel,Anita Patel,Customer description 444,customer0444@example.com,9100000444,Address Line1 444,Address Line2 444,Chennai,Tamil Nadu,India,,Central,100444,TRUE
445,Rohit,Mehta,Rohit Mehta,Customer description 445,customer0445@example.com,9100000445,Address Line1 445,Address Line2 445,Hyderabad,Telangana,India,,North,100445,FALSE
446,Kiran,Kumar,Kiran Kumar,Customer description 446,customer0446@example.com,9100000446,Address Line1 446,Address Line2 446,Jaipur,Rajasthan,India,,South,100446,TRUE
447,Sneha,Joshi,Sneha Joshi,Customer description 447,customer0447@example.com,9100000447,Address Line1 447,Address Line2 447,Indore,MP,India,,East,100447,FALSE
448,Vikas,Yadav,Vikas Yadav,Customer description 448,customer0448@example.com,9100000448,Address Line1 448,Address Line2 448,Noida,UP,India,,West,100448,TRUE
449,Priya,Chauhan,Priya Chauhan,Customer description 449,customer0449@example.com,9100000449,Address Line1 449,Address Line2 449,Gurgaon,Haryana,India,,Central,100449,FALSE
450,Suman,Sharma,Suman Sharma,Customer description 450,customer0450@example.com,9100000450,Address Line1 450,Address Line2 450,Delhi,Delhi,India,,North,100450,TRUE
451,Arjun,Verma,Arjun Verma,Customer description 451,customer0451@example.com,9100000451,Address Line1 451,Address Line2 451,Mumbai,Maharashtra,India,,South,100451,FALSE
452,Riya,Singh,Riya Singh,Customer description 452,customer0452@example.com,9100000452,Address Line1 452,Address Line2 452,Pune,Karnataka,India,,East,100452,TRUE
453,Manish,Gupta,Manish Gupta,Customer description 453,customer0453@example.com,9100000453,Address Line1 453,Address Line2 453,Bangalore,Tamil Nadu,India,,West,100453,FALSE
454,Nikhil,Patel,Nikhil Patel,Customer description 454,customer0454@example.com,9100000454,Address Line1 454,Address Line2 454,Chennai,Telangana,India,,Central,100454,TRUE
455,Kavita,Mehta,Kavita Mehta,Customer description 455,customer0455@example.com,9100000455,Address Line1 455,Address Line2 455,Hyderabad,Rajasthan,India,,North,100455,FALSE
456,Deepak,Kumar,Deepak Kumar,Customer description 456,customer0456@example.com,9100000456,Address Line1 456,Address Line2 456,Jaipur,MP,India,,South,100456,TRUE
457,Simran,Joshi,Simran Joshi,Customer description 457,customer0457@example.com,9100000457,Address Line1 457,Address Line2 457,Indore,UP,India,,East,100457,FALSE
458,Gaurav,Yadav,Gaurav Yadav,Customer description 458,customer0458@example.com,9100000458,Address Line1 458,Address Line2 458,Noida,Haryana,India,,West,100458,TRUE
459,Isha,Chauhan,Isha Chauhan,Customer description 459,customer0459@example.com,9100000459,Address Line1 459,Address Line2 459,Gurgaon,Delhi,India,,Central,100459,FALSE
460,Amit,Sharma,Amit Sharma,Customer description 460,customer0460@example.com,9100000460,Address Line1 460,Address Line2 460,Delhi,Maharashtra,India,,North,100460,TRUE
461,Rahul,Verma,Rahul Verma,Customer description 461,customer0461@example.com,9100000461,Address Line1 461,Address Line2 461,Mumbai,Karnataka,India,,South,100461,FALSE
462,Neha,Singh,Neha Singh,Customer description 462,customer0462@example.com,9100000462,Address Line1 462,Address Line2 462,Pune,Tamil Nadu,India,,East,100462,TRUE
463,Poonam,Gupta,Poonam Gupta,Customer description 463,customer0463@example.com,9100000463,Address Line1 463,Address Line2 463,Bangalore,Telangana,India,,West,100463,FALSE
464,Anita,Patel,Anita Patel,Customer description 464,customer0464@example.com,9100000464,Address Line1 464,Address Line2 464,Chennai,Rajasthan,India,,Central,100464,TRUE
465,Rohit,Mehta,Rohit Mehta,Customer description 465,customer0465@example.com,9100000465,Address Line1 465,Address Line2 465,Hyderabad,MP,India,,North,100465,FALSE
466,Kiran,Kumar,Kiran Kumar,Customer description 466,customer0466@example.com,9100000466,Address Line1 466,Address Line2 466,Jaipur,UP,India,,South,100466,TRUE
467,Sneha,Joshi,Sneha Joshi,Customer description 467,customer0467@example.com,9100000467,Address Line1 467,Address Line2 467,Indore,Haryana,India,,East,100467,FALSE
468,Vikas,Yadav,Vikas Yadav,Customer description 468,customer0468@example.com,9100000468,Address Line1 468,Address Line2 468,Noida,Delhi,India,,West,100468,TRUE
469,Priya,Chauhan,Priya Chauhan,Customer description 469,customer0469@example.com,9100000469,Address Line1 469,Address Line2 469,Gurgaon,Maharashtra,India,,Central,100469,FALSE
470,Suman,Sharma,Suman Sharma,Customer description 470,customer0470@example.com,9100000470,Address Line1 470,Address Line2 470,Delhi,Karnataka,India,,North,100470,TRUE
471,Arjun,Verma,Arjun Verma,Customer description 471,customer0471@example.com,9100000471,Address Line1 471,Address Line2 471,Mumbai,Tamil Nadu,India,,South,100471,FALSE
472,Riya,Singh,Riya Singh,Customer description 472,customer0472@example.com,9100000472,Address Line1 472,Address Line2 472,Pune,Telangana,India,,East,100472,TRUE
473,Manish,Gupta,Manish Gupta,Customer description 473,customer0473@example.com,9100000473,Address Line1 473,Address Line2 473,Bangalore,Rajasthan,India,,West,100473,FALSE
474,Nikhil,Patel,Nikhil Patel,Customer description 474,customer0474@example.com,9100000474,Address Line1 474,Address Line2 474,Chennai,MP,India,,Central,100474,TRUE
475,Kavita,Mehta,Kavita Mehta,Customer description 475,customer0475@example.com,9100000475,Address Line1 475,Address Line2 475,Hyderabad,UP,India,,North,100475,FALSE
476,Deepak,Kumar,Deepak Kumar,Customer description 476,customer0476@example.com,9100000476,Address Line1 476,Address Line2 476,Jaipur,Haryana,India,,South,100476,TRUE
477,Simran,Joshi,Simran Joshi,Customer description 477,customer0477@example.com,9100000477,Address Line1 477,Address Line2 477,Indore,Delhi,India,,East,100477,FALSE
478,Gaurav,Yadav,Gaurav Yadav,Customer description 478,customer0478@example.com,9100000478,Address Line1 478,Address Line2 478,Noida,Maharashtra,India,,West,100478,TRUE
479,Isha,Chauhan,Isha Chauhan,Customer description 479,customer0479@example.com,9100000479,Address Line1 479,Address Line2 479,Gurgaon,Karnataka,India,,Central,100479,FALSE
480,Amit,Sharma,Amit Sharma,Customer description 480,customer0480@example.com,9100000480,Address Line1 480,Address Line2 480,Delhi,Tamil Nadu,India,,North,100480,TRUE
481,Rahul,Verma,Rahul Verma,Customer description 481,customer0481@example.com,9100000481,Address Line1 481,Address Line2 481,Mumbai,Telangana,India,,South,100481,FALSE
482,Neha,Singh,Neha Singh,Customer description 482,customer0482@example.com,9100000482,Address Line1 482,Address Line2 482,Pune,Rajasthan,India,,East,100482,TRUE
483,Poonam,Gupta,Poonam Gupta,Customer description 483,customer0483@example.com,9100000483,Address Line1 483,Address Line2 483,Bangalore,MP,India,,West,100483,FALSE
484,Anita,Patel,Anita Patel,Customer description 484,customer0484@example.com,9100000484,Address Line1 484,Address Line2 484,Chennai,UP,India,,Central,100484,TRUE
485,Rohit,Mehta,Rohit Mehta,Customer description 485,customer0485@example.com,9100000485,Address Line1 485,Address Line2 485,Hyderabad,Haryana,India,,North,100485,FALSE
486,Kiran,Kumar,Kiran Kumar,Customer description 486,customer0486@example.com,9100000486,Address Line1 486,Address Line2 486,Jaipur,Delhi,India,,South,100486,TRUE
487,Sneha,Joshi,Sneha Joshi,Customer description 487,customer0487@example.com,9100000487,Address Line1 487,Address Line2 487,Indore,Maharashtra,India,,East,100487,FALSE
488,Vikas,Yadav,Vikas Yadav,Customer description 488,customer0488@example.com,9100000488,Address Line1 488,Address Line2 488,Noida,Karnataka,India,,West,100488,TRUE
489,Priya,Chauhan,Priya Chauhan,Customer description 489,customer0489@example.com,9100000489,Address Line1 489,Address Line2 489,Gurgaon,Tamil Nadu,India,,Central,100489,FALSE
490,Suman,Sharma,Suman Sharma,Customer description 490,customer0490@example.com,9100000490,Address Line1 490,Address Line2 490,Delhi,Telangana,India,,North,100490,TRUE
491,Arjun,Verma,Arjun Verma,Customer description 491,customer0491@example.com,9100000491,Address Line1 491,Address Line2 491,Mumbai,Rajasthan,India,,South,100491,FALSE
492,Riya,Singh,Riya Singh,Customer description 492,customer0492@example.com,9100000492,Address Line1 492,Address Line2 492,Pune,MP,India,,East,100492,TRUE
493,Manish,Gupta,Manish Gupta,Customer description 493,customer0493@example.com,9100000493,Address Line1 493,Address Line2 493,Bangalore,UP,India,,West,100493,FALSE
494,Nikhil,Patel,Nikhil Patel,Customer description 494,customer0494@example.com,9100000494,Address Line1 494,Address Line2 494,Chennai,Haryana,India,,Central,100494,TRUE
495,Kavita,Mehta,Kavita Mehta,Customer description 495,customer0495@example.com,9100000495,Address Line1 495,Address Line2 495,Hyderabad,Delhi,India,,North,100495,FALSE
496,Deepak,Kumar,Deepak Kumar,Customer description 496,customer0496@example.com,9100000496,Address Line1 496,Address Line2 496,Jaipur,Maharashtra,India,,South,100496,TRUE
497,Simran,Joshi,Simran Joshi,Customer description 497,customer0497@example.com,9100000497,Address Line1 497,Address Line2 497,Indore,Karnataka,India,,East,100497,FALSE
498,Gaurav,Yadav,Gaurav Yadav,Customer description 498,customer0498@example.com,9100000498,Address Line1 498,Address Line2 498,Noida,Tamil Nadu,India,,West,100498,TRUE
499,Isha,Chauhan,Isha Chauhan,Customer description 499,customer0499@example.com,9100000499,Address Line1 499,Address Line2 499,Gurgaon,Telangana,India,,Central,100499,FALSE
500,Amit,Sharma,Amit Sharma,Customer description 500,customer0500@example.com,9100000500,Address Line1 500,Address Line2 500,Delhi,Rajasthan,India,,North,100500,TRUE
501,Rahul,Verma,Rahul Verma,Customer description 501,customer0501@example.com,9100000501,Address Line1 501,Address Line2 501,Mumbai,MP,India,,South,100501,FALSE
502,Neha,Singh,Neha Singh,Customer description 502,customer0502@example.com,9100000502,Address Line1 502,Address Line2 502,Pune,UP,India,,East,100502,TRUE
503,Poonam,Gupta,Poonam Gupta,Customer description 503,customer0503@example.com,9100000503,Address Line1 503,Address Line2 503,Bangalore,Haryana,India,,West,100503,FALSE
504,Anita,Patel,Anita Patel,Customer description 504,customer0504@example.com,9100000504,Address Line1 504,Address Line2 504,Chennai,Delhi,India,,Central,100504,TRUE
505,Rohit,Mehta,Rohit Mehta,Customer description 505,customer0505@example.com,9100000505,Address Line1 505,Address Line2 505,Hyderabad,Maharashtra,India,,North,100505,FALSE
506,Kiran,Kumar,Kiran Kumar,Customer description 506,customer0506@example.com,9100000506,Address Line1 506,Address Line2 506,Jaipur,Karnataka,India,,South,100506,TRUE
507,Sneha,Joshi,Sneha Joshi,Customer description 507,customer0507@example.com,9100000507,Address Line1 507,Address Line2 507,Indore,Tamil Nadu,India,,East,100507,FALSE
508,Vikas,Yadav,Vikas Yadav,Customer description 508,customer0508@example.com,9100000508,Address Line1 508,Address Line2 508,Noida,Telangana,India,,West,100508,TRUE
509,Priya,Chauhan,Priya Chauhan,Customer description 509,customer0509@example.com,9100000509,Address Line1 509,Address Line2 509,Gurgaon,Rajasthan,India,,Central,100509,FALSE
510,Suman,Sharma,Suman Sharma,Customer description 510,customer0510@example.com,9100000510,Address Line1 510,Address Line2 510,Delhi,MP,India,,North,100510,TRUE
511,Arjun,Verma,Arjun Verma,Customer description 511,customer0511@example.com,9100000511,Address Line1 511,Address Line2 511,Mumbai,UP,India,,South,100511,FALSE
512,Riya,Singh,Riya Singh,Customer description 512,customer0512@example.com,9100000512,Address Line1 512,Address Line2 512,Pune,Haryana,India,,East,100512,TRUE
513,Manish,Gupta,Manish Gupta,Customer description 513,customer0513@example.com,9100000513,Address Line1 513,Address Line2 513,Bangalore,Delhi,India,,West,100513,FALSE
514,Nikhil,Patel,Nikhil Patel,Customer description 514,customer0514@example.com,9100000514,Address Line1 514,Address Line2 514,Chennai,Maharashtra,India,,Central,100514,TRUE
515,Kavita,Mehta,Kavita Mehta,Customer description 515,customer0515@example.com,9100000515,Address Line1 515,Address Line2 515,Hyderabad,Karnataka,India,,North,100515,FALSE
516,Deepak,Kumar,Deepak Kumar,Customer description 516,customer0516@example.com,9100000516,Address Line1 516,Address Line2 516,Jaipur,Tamil Nadu,India,,South,100516,TRUE
517,Simran,Joshi,Simran Joshi,Customer description 517,customer0517@example.com,9100000517,Address Line1 517,Address Line2 517,Indore,Telangana,India,,East,100517,FALSE
518,Gaurav,Yadav,Gaurav Yadav,Customer description 518,customer0518@example.com,9100000518,Address Line1 518,Address Line2 518,Noida,Rajasthan,India,,West,100518,TRUE
519,Isha,Chauhan,Isha Chauhan,Customer description 519,customer0519@example.com,9100000519,Address Line1 519,Address Line2 519,Gurgaon,MP,India,,Central,100519,FALSE
520,Amit,Sharma,Amit Sharma,Customer description 520,customer0520@example.com,9100000520,Address Line1 520,Address Line2 520,Delhi,UP,India,,North,100520,TRUE
521,Rahul,Verma,Rahul Verma,Customer description 521,customer0521@example.com,9100000521,Address Line1 521,Address Line2 521,Mumbai,Haryana,India,,South,100521,FALSE
522,Neha,Singh,Neha Singh,Customer description 522,customer0522@example.com,9100000522,Address Line1 522,Address Line2 522,Pune,Delhi,India,,East,100522,TRUE
523,Poonam,Gupta,Poonam Gupta,Customer description 523,customer0523@example.com,9100000523,Address Line1 523,Address Line2 523,Bangalore,Maharashtra,India,,West,100523,FALSE
524,Anita,Patel,Anita Patel,Customer description 524,customer0524@example.com,9100000524,Address Line1 524,Address Line2 524,Chennai,Karnataka,India,,Central,100524,TRUE
525,Rohit,Mehta,Rohit Mehta,Customer description 525,customer0525@example.com,9100000525,Address Line1 525,Address Line2 525,Hyderabad,Tamil Nadu,India,,North,100525,FALSE
526,Kiran,Kumar,Kiran Kumar,Customer description 526,customer0526@example.com,9100000526,Address Line1 526,Address Line2 526,Jaipur,Telangana,India,,South,100526,TRUE
527,Sneha,Joshi,Sneha Joshi,Customer description 527,customer0527@example.com,9100000527,Address Line1 527,Address Line2 527,Indore,Rajasthan,India,,East,100527,FALSE
528,Vikas,Yadav,Vikas Yadav,Customer description 528,customer0528@example.com,9100000528,Address Line1 528,Address Line2 528,Noida,MP,India,,West,100528,TRUE
529,Priya,Chauhan,Priya Chauhan,Customer description 529,customer0529@example.com,9100000529,Address Line1 529,Address Line2 529,Gurgaon,UP,India,,Central,100529,FALSE
530,Suman,Sharma,Suman Sharma,Customer description 530,customer0530@example.com,9100000530,Address Line1 530,Address Line2 530,Delhi,Haryana,India,,North,100530,TRUE
531,Arjun,Verma,Arjun Verma,Customer description 531,customer0531@example.com,9100000531,Address Line1 531,Address Line2 531,Mumbai,Delhi,India,,South,100531,FALSE
532,Riya,Singh,Riya Singh,Customer description 532,customer0532@example.com,9100000532,Address Line1 532,Address Line2 532,Pune,Maharashtra,India,,East,100532,TRUE
533,Manish,Gupta,Manish Gupta,Customer description 533,customer0533@example.com,9100000533,Address Line1 533,Address Line2 533,Bangalore,Karnataka,India,,West,100533,FALSE
534,Nikhil,Patel,Nikhil Patel,Customer description 534,customer0534@example.com,9100000534,Address Line1 534,Address Line2 534,Chennai,Tamil Nadu,India,,Central,100534,TRUE
535,Kavita,Mehta,Kavita Mehta,Customer description 535,customer0535@example.com,9100000535,Address Line1 535,Address Line2 535,Hyderabad,Telangana,India,,North,100535,FALSE
536,Deepak,Kumar,Deepak Kumar,Customer description 536,customer0536@example.com,9100000536,Address Line1 536,Address Line2 536,Jaipur,Rajasthan,India,,South,100536,TRUE
537,Simran,Joshi,Simran Joshi,Customer description 537,customer0537@example.com,9100000537,Address Line1 537,Address Line2 537,Indore,MP,India,,East,100537,FALSE
538,Gaurav,Yadav,Gaurav Yadav,Customer description 538,customer0538@example.com,9100000538,Address Line1 538,Address Line2 538,Noida,UP,India,,West,100538,TRUE
539,Isha,Chauhan,Isha Chauhan,Customer description 539,customer0539@example.com,9100000539,Address Line1 539,Address Line2 539,Gurgaon,Haryana,India,,Central,100539,FALSE
540,Amit,Sharma,Amit Sharma,Customer description 540,customer0540@example.com,9100000540,Address Line1 540,Address Line2 540,Delhi,Delhi,India,,North,100540,TRUE
541,Rahul,Verma,Rahul Verma,Customer description 541,customer0541@example.com,9100000541,Address Line1 541,Address Line2 541,Mumbai,Maharashtra,India,,South,100541,FALSE
542,Neha,Singh,Neha Singh,Customer description 542,customer0542@example.com,9100000542,Address Line1 542,Address Line2 542,Pune,Karnataka,India,,East,100542,TRUE
543,Poonam,Gupta,Poonam Gupta,Customer description 543,customer0543@example.com,9100000543,Address Line1 543,Address Line2 543,Bangalore,Tamil Nadu,India,,West,100543,FALSE
544,Anita,Patel,Anita Patel,Customer description 544,customer0544@example.com,9100000544,Address Line1 544,Address Line2 544,Chennai,Telangana,India,,Central,100544,TRUE
545,Rohit,Mehta,Rohit Mehta,Customer description 545,customer0545@example.com,9100000545,Address Line1 545,Address Line2 545,Hyderabad,Rajasthan,India,,North,100545,FALSE
546,Kiran,Kumar,Kiran Kumar,Customer description 546,customer0546@example.com,9100000546,Address Line1 546,Address Line2 546,Jaipur,MP,India,,South,100546,TRUE
547,Sneha,Joshi,Sneha Joshi,Customer description 547,customer0547@example.com,9100000547,Address Line1 547,Address Line2 547,Indore,UP,India,,East,100547,FALSE
548,Vikas,Yadav,Vikas Yadav,Customer description 548,customer0548@example.com,9100000548,Address Line1 548,Address Line2 548,Noida,Haryana,India,,West,100548,TRUE
549,Priya,Chauhan,Priya Chauhan,Customer description 549,customer0549@example.com,9100000549,Address Line1 549,Address Line2 549,Gurgaon,Delhi,India,,Central,100549,FALSE
550,Suman,Sharma,Suman Sharma,Customer description 550,customer0550@example.com,9100000550,Address Line1 550,Address Line2 550,Delhi,Maharashtra,India,,North,100550,TRUE
551,Arjun,Verma,Arjun Verma,Customer description 551,customer0551@example.com,9100000551,Address Line1 551,Address Line2 551,Mumbai,Karnataka,India,,South,100551,FALSE
552,Riya,Singh,Riya Singh,Customer description 552,customer0552@example.com,9100000552,Address Line1 552,Address Line2 552,Pune,Tamil Nadu,India,,East,100552,TRUE
553,Manish,Gupta,Manish Gupta,Customer description 553,customer0553@example.com,9100000553,Address Line1 553,Address Line2 553,Bangalore,Telangana,India,,West,100553,FALSE
554,Nikhil,Patel,Nikhil Patel,Customer description 554,customer0554@example.com,9100000554,Address Line1 554,Address Line2 554,Chennai,Rajasthan,India,,Central,100554,TRUE
555,Kavita,Mehta,Kavita Mehta,Customer description 555,customer0555@example.com,9100000555,Address Line1 555,Address Line2 555,Hyderabad,MP,India,,North,100555,FALSE
556,Deepak,Kumar,Deepak Kumar,Customer description 556,customer0556@example.com,9100000556,Address Line1 556,Address Line2 556,Jaipur,UP,India,,South,100556,TRUE
557,Simran,Joshi,Simran Joshi,Customer description 557,customer0557@example.com,9100000557,Address Line1 557,Address Line2 557,Indore,Haryana,India,,East,100557,FALSE
558,Gaurav,Yadav,Gaurav Yadav,Customer description 558,customer0558@example.com,9100000558,Address Line1 558,Address Line2 558,Noida,Delhi,India,,West,100558,TRUE
559,Isha,Chauhan,Isha Chauhan,Customer description 559,customer0559@example.com,9100000559,Address Line1 559,Address Line2 559,Gurgaon,Maharashtra,India,,Central,100559,FALSE
560,Amit,Sharma,Amit Sharma,Customer description 560,customer0560@example.com,9100000560,Address Line1 560,Address Line2 560,Delhi,Karnataka,India,,North,100560,TRUE
561,Rahul,Verma,Rahul Verma,Customer description 561,customer0561@example.com,9100000561,Address Line1 561,Address Line2 561,Mumbai,Tamil Nadu,India,,South,100561,FALSE
562,Neha,Singh,Neha Singh,Customer description 562,customer0562@example.com,9100000562,Address Line1 562,Address Line2 562,Pune,Telangana,India,,East,100562,TRUE
563,Poonam,Gupta,Poonam Gupta,Customer description 563,customer0563@example.com,9100000563,Address Line1 563,Address Line2 563,Bangalore,Rajasthan,India,,West,100563,FALSE
564,Anita,Patel,Anita Patel,Customer description 564,customer0564@example.com,9100000564,Address Line1 564,Address Line2 564,Chennai,MP,India,,Central,100564,TRUE
565,Rohit,Mehta,Rohit Mehta,Customer description 565,customer0565@example.com,9100000565,Address Line1 565,Address Line2 565,Hyderabad,UP,India,,North,100565,FALSE
566,Kiran,Kumar,Kiran Kumar,Customer description 566,customer0566@example.com,9100000566,Address Line1 566,Address Line2 566,Jaipur,Haryana,India,,South,100566,TRUE
567,Sneha,Joshi,Sneha Joshi,Customer description 567,customer0567@example.com,9100000567,Address Line1 567,Address Line2 567,Indore,Delhi,India,,East,100567,FALSE
568,Vikas,Yadav,Vikas Yadav,Customer description 568,customer0568@example.com,9100000568,Address Line1 568,Address Line2 568,Noida,Maharashtra,India,,West,100568,TRUE
569,Priya,Chauhan,Priya Chauhan,Customer description 569,customer0569@example.com,9100000569,Address Line1 569,Address Line2 569,Gurgaon,Karnataka,India,,Central,100569,FALSE
570,Suman,Sharma,Suman Sharma,Customer description 570,customer0570@example.com,9100000570,Address Line1 570,Address Line2 570,Delhi,Tamil Nadu,India,,North,100570,TRUE
571,Arjun,Verma,Arjun Verma,Customer description 571,customer0571@example.com,9100000571,Address Line1 571,Address Line2 571,Mumbai,Telangana,India,,South,100571,FALSE
572,Riya,Singh,Riya Singh,Customer description 572,customer0572@example.com,9100000572,Address Line1 572,Address Line2 572,Pune,Rajasthan,India,,East,100572,TRUE
573,Manish,Gupta,Manish Gupta,Customer description 573,customer0573@example.com,9100000573,Address Line1 573,Address Line2 573,Bangalore,MP,India,,West,100573,FALSE
574,Nikhil,Patel,Nikhil Patel,Customer description 574,customer0574@example.com,9100000574,Address Line1 574,Address Line2 574,Chennai,UP,India,,Central,100574,TRUE
575,Kavita,Mehta,Kavita Mehta,Customer description 575,customer0575@example.com,9100000575,Address Line1 575,Address Line2 575,Hyderabad,Haryana,India,,North,100575,FALSE
576,Deepak,Kumar,Deepak Kumar,Customer description 576,customer0576@example.com,9100000576,Address Line1 576,Address Line2 576,Jaipur,Delhi,India,,South,100576,TRUE
577,Simran,Joshi,Simran Joshi,Customer description 577,customer0577@example.com,9100000577,Address Line1 577,Address Line2 577,Indore,Maharashtra,India,,East,100577,FALSE
578,Gaurav,Yadav,Gaurav Yadav,Customer description 578,customer0578@example.com,9100000578,Address Line1 578,Address Line2 578,Noida,Karnataka,India,,West,100578,TRUE
579,Isha,Chauhan,Isha Chauhan,Customer description 579,customer0579@example.com,9100000579,Address Line1 579,Address Line2 579,Gurgaon,Tamil Nadu,India,,Central,100579,FALSE
580,Amit,Sharma,Amit Sharma,Customer description 580,customer0580@example.com,9100000580,Address Line1 580,Address Line2 580,Delhi,Telangana,India,,North,100580,TRUE
581,Rahul,Verma,Rahul Verma,Customer description 581,customer0581@example.com,9100000581,Address Line1 581,Address Line2 581,Mumbai,Rajasthan,India,,South,100581,FALSE
582,Neha,Singh,Neha Singh,Customer description 582,customer0582@example.com,9100000582,Address Line1 582,Address Line2 582,Pune,MP,India,,East,100582,TRUE
583,Poonam,Gupta,Poonam Gupta,Customer description 583,customer0583@example.com,9100000583,Address Line1 583,Address Line2 583,Bangalore,UP,India,,West,100583,FALSE
584,Anita,Patel,Anita Patel,Customer description 584,customer0584@example.com,9100000584,Address Line1 584,Address Line2 584,Chennai,Haryana,India,,Central,100584,TRUE
585,Rohit,Mehta,Rohit Mehta,Customer description 585,customer0585@example.com,9100000585,Address Line1 585,Address Line2 585,Hyderabad,Delhi,India,,North,100585,FALSE
586,Kiran,Kumar,Kiran Kumar,Customer description 586,customer0586@example.com,9100000586,Address Line1 586,Address Line2 586,Jaipur,Maharashtra,India,,South,100586,TRUE
587,Sneha,Joshi,Sneha Joshi,Customer description 587,customer0587@example.com,9100000587,Address Line1 587,Address Line2 587,Indore,Karnataka,India,,East,100587,FALSE
588,Vikas,Yadav,Vikas Yadav,Customer description 588,customer0588@example.com,9100000588,Address Line1 588,Address Line2 588,Noida,Tamil Nadu,India,,West,100588,TRUE
589,Priya,Chauhan,Priya Chauhan,Customer description 589,customer0589@example.com,9100000589,Address Line1 589,Address Line2 589,Gurgaon,Telangana,India,,Central,100589,FALSE
590,Suman,Sharma,Suman Sharma,Customer description 590,customer0590@example.com,9100000590,Address Line1 590,Address Line2 590,Delhi,Rajasthan,India,,North,100590,TRUE
591,Arjun,Verma,Arjun Verma,Customer description 591,customer0591@example.com,9100000591,Address Line1 591,Address Line2 591,Mumbai,MP,India,,South,100591,FALSE
592,Riya,Singh,Riya Singh,Customer description 592,customer0592@example.com,9100000592,Address Line1 592,Address Line2 592,Pune,UP,India,,East,100592,TRUE
593,Manish,Gupta,Manish Gupta,Customer description 593,customer0593@example.com,9100000593,Address Line1 593,Address Line2 593,Bangalore,Haryana,India,,West,100593,FALSE
594,Nikhil,Patel,Nikhil Patel,Customer description 594,customer0594@example.com,9100000594,Address Line1 594,Address Line2 594,Chennai,Delhi,India,,Central,100594,TRUE
595,Kavita,Mehta,Kavita Mehta,Customer description 595,customer0595@example.com,9100000595,Address Line1 595,Address Line2 595,Hyderabad,Maharashtra,India,,North,100595,FALSE
596,Deepak,Kumar,Deepak Kumar,Customer description 596,customer0596@example.com,9100000596,Address Line1 596,Address Line2 596,Jaipur,Karnataka,India,,South,100596,TRUE
597,Simran,Joshi,Simran Joshi,Customer description 597,customer0597@example.com,9100000597,Address Line1 597,Address Line2 597,Indore,Tamil Nadu,India,,East,100597,FALSE
598,Gaurav,Yadav,Gaurav Yadav,Customer description 598,customer0598@example.com,9100000598,Address Line1 598,Address Line2 598,Noida,Telangana,India,,West,100598,TRUE
599,Isha,Chauhan,Isha Chauhan,Customer description 599,customer0599@example.com,9100000599,Address Line1 599,Address Line2 599,Gurgaon,Rajasthan,India,,Central,100599,FALSE
600,Amit,Sharma,Amit Sharma,Customer description 600,customer0600@example.com,9100000600,Address Line1 600,Address Line2 600,Delhi,MP,India,,North,100600,TRUE
601,Rahul,Verma,Rahul Verma,Customer description 601,customer0601@example.com,9100000601,Address Line1 601,Address Line2 601,Mumbai,UP,India,,South,100601,FALSE
602,Neha,Singh,Neha Singh,Customer description 602,customer0602@example.com,9100000602,Address Line1 602,Address Line2 602,Pune,Haryana,India,,East,100602,TRUE
603,Poonam,Gupta,Poonam Gupta,Customer description 603,customer0603@example.com,9100000603,Address Line1 603,Address Line2 603,Bangalore,Delhi,India,,West,100603,FALSE
604,Anita,Patel,Anita Patel,Customer description 604,customer0604@example.com,9100000604,Address Line1 604,Address Line2 604,Chennai,Maharashtra,India,,Central,100604,TRUE
605,Rohit,Mehta,Rohit Mehta,Customer description 605,customer0605@example.com,9100000605,Address Line1 605,Address Line2 605,Hyderabad,Karnataka,India,,North,100605,FALSE
606,Kiran,Kumar,Kiran Kumar,Customer description 606,customer0606@example.com,9100000606,Address Line1 606,Address Line2 606,Jaipur,Tamil Nadu,India,,South,100606,TRUE
607,Sneha,Joshi,Sneha Joshi,Customer description 607,customer0607@example.com,9100000607,Address Line1 607,Address Line2 607,Indore,Telangana,India,,East,100607,FALSE
608,Vikas,Yadav,Vikas Yadav,Customer description 608,customer0608@example.com,9100000608,Address Line1 608,Address Line2 608,Noida,Rajasthan,India,,West,100608,TRUE
609,Priya,Chauhan,Priya Chauhan,Customer description 609,customer0609@example.com,9100000609,Address Line1 609,Address Line2 609,Gurgaon,MP,India,,Central,100609,FALSE
610,Suman,Sharma,Suman Sharma,Customer description 610,customer0610@example.com,9100000610,Address Line1 610,Address Line2 610,Delhi,UP,India,,North,100610,TRUE
611,Arjun,Verma,Arjun Verma,Customer description 611,customer0611@example.com,9100000611,Address Line1 611,Address Line2 611,Mumbai,Haryana,India,,South,100611,FALSE
612,Riya,Singh,Riya Singh,Customer description 612,customer0612@example.com,9100000612,Address Line1 612,Address Line2 612,Pune,Delhi,India,,East,100612,TRUE
613,Manish,Gupta,Manish Gupta,Customer description 613,customer0613@example.com,9100000613,Address Line1 613,Address Line2 613,Bangalore,Maharashtra,India,,West,100613,FALSE
614,Nikhil,Patel,Nikhil Patel,Customer description 614,customer0614@example.com,9100000614,Address Line1 614,Address Line2 614,Chennai,Karnataka,India,,Central,100614,TRUE
615,Kavita,Mehta,Kavita Mehta,Customer description 615,customer0615@example.com,9100000615,Address Line1 615,Address Line2 615,Hyderabad,Tamil Nadu,India,,North,100615,FALSE
616,Deepak,Kumar,Deepak Kumar,Customer description 616,customer0616@example.com,9100000616,Address Line1 616,Address Line2 616,Jaipur,Telangana,India,,South,100616,TRUE
617,Simran,Joshi,Simran Joshi,Customer description 617,customer0617@example.com,9100000617,Address Line1 617,Address Line2 617,Indore,Rajasthan,India,,East,100617,FALSE
618,Gaurav,Yadav,Gaurav Yadav,Customer description 618,customer0618@example.com,9100000618,Address Line1 618,Address Line2 618,Noida,MP,India,,West,100618,TRUE
619,Isha,Chauhan,Isha Chauhan,Customer description 619,customer0619@example.com,9100000619,Address Line1 619,Address Line2 619,Gurgaon,UP,India,,Central,100619,FALSE
620,Amit,Sharma,Amit Sharma,Customer description 620,customer0620@example.com,9100000620,Address Line1 620,Address Line2 620,Delhi,Haryana,India,,North,100620,TRUE
621,Rahul,Verma,Rahul Verma,Customer description 621,customer0621@example.com,9100000621,Address Line1 621,Address Line2 621,Mumbai,Delhi,India,,South,100621,FALSE
622,Neha,Singh,Neha Singh,Customer description 622,customer0622@example.com,9100000622,Address Line1 622,Address Line2 622,Pune,Maharashtra,India,,East,100622,TRUE
623,Poonam,Gupta,Poonam Gupta,Customer description 623,customer0623@example.com,9100000623,Address Line1 623,Address Line2 623,Bangalore,Karnataka,India,,West,100623,FALSE
624,Anita,Patel,Anita Patel,Customer description 624,customer0624@example.com,9100000624,Address Line1 624,Address Line2 624,Chennai,Tamil Nadu,India,,Central,100624,TRUE
625,Rohit,Mehta,Rohit Mehta,Customer description 625,customer0625@example.com,9100000625,Address Line1 625,Address Line2 625,Hyderabad,Telangana,India,,North,100625,FALSE
626,Kiran,Kumar,Kiran Kumar,Customer description 626,customer0626@example.com,9100000626,Address Line1 626,Address Line2 626,Jaipur,Rajasthan,India,,South,100626,TRUE
627,Sneha,Joshi,Sneha Joshi,Customer description 627,customer0627@example.com,9100000627,Address Line1 627,Address Line2 627,Indore,MP,India,,East,100627,FALSE
628,Vikas,Yadav,Vikas Yadav,Customer description 628,customer0628@example.com,9100000628,Address Line1 628,Address Line2 628,Noida,UP,India,,West,100628,TRUE
629,Priya,Chauhan,Priya Chauhan,Customer description 629,customer0629@example.com,9100000629,Address Line1 629,Address Line2 629,Gurgaon,Haryana,India,,Central,100629,FALSE
630,Suman,Sharma,Suman Sharma,Customer description 630,customer0630@example.com,9100000630,Address Line1 630,Address Line2 630,Delhi,Delhi,India,,North,100630,TRUE
631,Arjun,Verma,Arjun Verma,Customer description 631,customer0631@example.com,9100000631,Address Line1 631,Address Line2 631,Mumbai,Maharashtra,India,,South,100631,FALSE
632,Riya,Singh,Riya Singh,Customer description 632,customer0632@example.com,9100000632,Address Line1 632,Address Line2 632,Pune,Karnataka,India,,East,100632,TRUE
633,Manish,Gupta,Manish Gupta,Customer description 633,customer0633@example.com,9100000633,Address Line1 633,Address Line2 633,Bangalore,Tamil Nadu,India,,West,100633,FALSE
634,Nikhil,Patel,Nikhil Patel,Customer description 634,customer0634@example.com,9100000634,Address Line1 634,Address Line2 634,Chennai,Telangana,India,,Central,100634,TRUE
635,Kavita,Mehta,Kavita Mehta,Customer description 635,customer0635@example.com,9100000635,Address Line1 635,Address Line2 635,Hyderabad,Rajasthan,India,,North,100635,FALSE
636,Deepak,Kumar,Deepak Kumar,Customer description 636,customer0636@example.com,9100000636,Address Line1 636,Address Line2 636,Jaipur,MP,India,,South,100636,TRUE
637,Simran,Joshi,Simran Joshi,Customer description 637,customer0637@example.com,9100000637,Address Line1 637,Address Line2 637,Indore,UP,India,,East,100637,FALSE
638,Gaurav,Yadav,Gaurav Yadav,Customer description 638,customer0638@example.com,9100000638,Address Line1 638,Address Line2 638,Noida,Haryana,India,,West,100638,TRUE
639,Isha,Chauhan,Isha Chauhan,Customer description 639,customer0639@example.com,9100000639,Address Line1 639,Address Line2 639,Gurgaon,Delhi,India,,Central,100639,FALSE
640,Amit,Sharma,Amit Sharma,Customer description 640,customer0640@example.com,9100000640,Address Line1 640,Address Line2 640,Delhi,Maharashtra,India,,North,100640,TRUE
641,Rahul,Verma,Rahul Verma,Customer description 641,customer0641@example.com,9100000641,Address Line1 641,Address Line2 641,Mumbai,Karnataka,India,,South,100641,FALSE
642,Neha,Singh,Neha Singh,Customer description 642,customer0642@example.com,9100000642,Address Line1 642,Address Line2 642,Pune,Tamil Nadu,India,,East,100642,TRUE
643,Poonam,Gupta,Poonam Gupta,Customer description 643,customer0643@example.com,9100000643,Address Line1 643,Address Line2 643,Bangalore,Telangana,India,,West,100643,FALSE
644,Anita,Patel,Anita Patel,Customer description 644,customer0644@example.com,9100000644,Address Line1 644,Address Line2 644,Chennai,Rajasthan,India,,Central,100644,TRUE
645,Rohit,Mehta,Rohit Mehta,Customer description 645,customer0645@example.com,9100000645,Address Line1 645,Address Line2 645,Hyderabad,MP,India,,North,100645,FALSE
646,Kiran,Kumar,Kiran Kumar,Customer description 646,customer0646@example.com,9100000646,Address Line1 646,Address Line2 646,Jaipur,UP,India,,South,100646,TRUE
647,Sneha,Joshi,Sneha Joshi,Customer description 647,customer0647@example.com,9100000647,Address Line1 647,Address Line2 647,Indore,Haryana,India,,East,100647,FALSE
648,Vikas,Yadav,Vikas Yadav,Customer description 648,customer0648@example.com,9100000648,Address Line1 648,Address Line2 648,Noida,Delhi,India,,West,100648,TRUE
649,Priya,Chauhan,Priya Chauhan,Customer description 649,customer0649@example.com,9100000649,Address Line1 649,Address Line2 649,Gurgaon,Maharashtra,India,,Central,100649,FALSE
650,Suman,Sharma,Suman Sharma,Customer description 650,customer0650@example.com,9100000650,Address Line1 650,Address Line2 650,Delhi,Karnataka,India,,North,100650,TRUE
651,Arjun,Verma,Arjun Verma,Customer description 651,customer0651@example.com,9100000651,Address Line1 651,Address Line2 651,Mumbai,Tamil Nadu,India,,South,100651,FALSE
652,Riya,Singh,Riya Singh,Customer description 652,customer0652@example.com,9100000652,Address Line1 652,Address Line2 652,Pune,Telangana,India,,East,100652,TRUE
653,Manish,Gupta,Manish Gupta,Customer description 653,customer0653@example.com,9100000653,Address Line1 653,Address Line2 653,Bangalore,Rajasthan,India,,West,100653,FALSE
654,Nikhil,Patel,Nikhil Patel,Customer description 654,customer0654@example.com,9100000654,Address Line1 654,Address Line2 654,Chennai,MP,India,,Central,100654,TRUE
655,Kavita,Mehta,Kavita Mehta,Customer description 655,customer0655@example.com,9100000655,Address Line1 655,Address Line2 655,Hyderabad,UP,India,,North,100655,FALSE
656,Deepak,Kumar,Deepak Kumar,Customer description 656,customer0656@example.com,9100000656,Address Line1 656,Address Line2 656,Jaipur,Haryana,India,,South,100656,TRUE
657,Simran,Joshi,Simran Joshi,Customer description 657,customer0657@example.com,9100000657,Address Line1 657,Address Line2 657,Indore,Delhi,India,,East,100657,FALSE
658,Gaurav,Yadav,Gaurav Yadav,Customer description 658,customer0658@example.com,9100000658,Address Line1 658,Address Line2 658,Noida,Maharashtra,India,,West,100658,TRUE
659,Isha,Chauhan,Isha Chauhan,Customer description 659,customer0659@example.com,9100000659,Address Line1 659,Address Line2 659,Gurgaon,Karnataka,India,,Central,100659,FALSE
660,Amit,Sharma,Amit Sharma,Customer description 660,customer0660@example.com,9100000660,Address Line1 660,Address Line2 660,Delhi,Tamil Nadu,India,,North,100660,TRUE
661,Rahul,Verma,Rahul Verma,Customer description 661,customer0661@example.com,9100000661,Address Line1 661,Address Line2 661,Mumbai,Telangana,India,,South,100661,FALSE
662,Neha,Singh,Neha Singh,Customer description 662,customer0662@example.com,9100000662,Address Line1 662,Address Line2 662,Pune,Rajasthan,India,,East,100662,TRUE
663,Poonam,Gupta,Poonam Gupta,Customer description 663,customer0663@example.com,9100000663,Address Line1 663,Address Line2 663,Bangalore,MP,India,,West,100663,FALSE
664,Anita,Patel,Anita Patel,Customer description 664,customer0664@example.com,9100000664,Address Line1 664,Address Line2 664,Chennai,UP,India,,Central,100664,TRUE
665,Rohit,Mehta,Rohit Mehta,Customer description 665,customer0665@example.com,9100000665,Address Line1 665,Address Line2 665,Hyderabad,Haryana,India,,North,100665,FALSE
666,Kiran,Kumar,Kiran Kumar,Customer description 666,customer0666@example.com,9100000666,Address Line1 666,Address Line2 666,Jaipur,Delhi,India,,South,100666,TRUE
667,Sneha,Joshi,Sneha Joshi,Customer description 667,customer0667@example.com,9100000667,Address Line1 667,Address Line2 667,Indore,Maharashtra,India,,East,100667,FALSE
668,Vikas,Yadav,Vikas Yadav,Customer description 668,customer0668@example.com,9100000668,Address Line1 668,Address Line2 668,Noida,Karnataka,India,,West,100668,TRUE
669,Priya,Chauhan,Priya Chauhan,Customer description 669,customer0669@example.com,9100000669,Address Line1 669,Address Line2 669,Gurgaon,Tamil Nadu,India,,Central,100669,FALSE
670,Suman,Sharma,Suman Sharma,Customer description 670,customer0670@example.com,9100000670,Address Line1 670,Address Line2 670,Delhi,Telangana,India,,North,100670,TRUE
671,Arjun,Verma,Arjun Verma,Customer description 671,customer0671@example.com,9100000671,Address Line1 671,Address Line2 671,Mumbai,Rajasthan,India,,South,100671,FALSE
672,Riya,Singh,Riya Singh,Customer description 672,customer0672@example.com,9100000672,Address Line1 672,Address Line2 672,Pune,MP,India,,East,100672,TRUE
673,Manish,Gupta,Manish Gupta,Customer description 673,customer0673@example.com,9100000673,Address Line1 673,Address Line2 673,Bangalore,UP,India,,West,100673,FALSE
674,Nikhil,Patel,Nikhil Patel,Customer description 674,customer0674@example.com,9100000674,Address Line1 674,Address Line2 674,Chennai,Haryana,India,,Central,100674,TRUE
675,Kavita,Mehta,Kavita Mehta,Customer description 675,customer0675@example.com,9100000675,Address Line1 675,Address Line2 675,Hyderabad,Delhi,India,,North,100675,FALSE
676,Deepak,Kumar,Deepak Kumar,Customer description 676,customer0676@example.com,9100000676,Address Line1 676,Address Line2 676,Jaipur,Maharashtra,India,,South,100676,TRUE
677,Simran,Joshi,Simran Joshi,Customer description 677,customer0677@example.com,9100000677,Address Line1 677,Address Line2 677,Indore,Karnataka,India,,East,100677,FALSE
678,Gaurav,Yadav,Gaurav Yadav,Customer description 678,customer0678@example.com,9100000678,Address Line1 678,Address Line2 678,Noida,Tamil Nadu,India,,West,100678,TRUE
679,Isha,Chauhan,Isha Chauhan,Customer description 679,customer0679@example.com,9100000679,Address Line1 679,Address Line2 679,Gurgaon,Telangana,India,,Central,100679,FALSE
680,Amit,Sharma,Amit Sharma,Customer description 680,customer0680@example.com,9100000680,Address Line1 680,Address Line2 680,Delhi,Rajasthan,India,,North,100680,TRUE
681,Rahul,Verma,Rahul Verma,Customer description 681,customer0681@example.com,9100000681,Address Line1 681,Address Line2 681,Mumbai,MP,India,,South,100681,FALSE
682,Neha,Singh,Neha Singh,Customer description 682,customer0682@example.com,9100000682,Address Line1 682,Address Line2 682,Pune,UP,India,,East,100682,TRUE
683,Poonam,Gupta,Poonam Gupta,Customer description 683,customer0683@example.com,9100000683,Address Line1 683,Address Line2 683,Bangalore,Haryana,India,,West,100683,FALSE
684,Anita,Patel,Anita Patel,Customer description 684,customer0684@example.com,9100000684,Address Line1 684,Address Line2 684,Chennai,Delhi,India,,Central,100684,TRUE
685,Rohit,Mehta,Rohit Mehta,Customer description 685,customer0685@example.com,9100000685,Address Line1 685,Address Line2 685,Hyderabad,Maharashtra,India,,North,100685,FALSE
686,Kiran,Kumar,Kiran Kumar,Customer description 686,customer0686@example.com,9100000686,Address Line1 686,Address Line2 686,Jaipur,Karnataka,India,,South,100686,TRUE
687,Sneha,Joshi,Sneha Joshi,Customer description 687,customer0687@example.com,9100000687,Address Line1 687,Address Line2 687,Indore,Tamil Nadu,India,,East,100687,FALSE
688,Vikas,Yadav,Vikas Yadav,Customer description 688,customer0688@example.com,9100000688,Address Line1 688,Address Line2 688,Noida,Telangana,India,,West,100688,TRUE
689,Priya,Chauhan,Priya Chauhan,Customer description 689,customer0689@example.com,9100000689,Address Line1 689,Address Line2 689,Gurgaon,Rajasthan,India,,Central,100689,FALSE
690,Suman,Sharma,Suman Sharma,Customer description 690,customer0690@example.com,9100000690,Address Line1 690,Address Line2 690,Delhi,MP,India,,North,100690,TRUE
691,Arjun,Verma,Arjun Verma,Customer description 691,customer0691@example.com,9100000691,Address Line1 691,Address Line2 691,Mumbai,UP,India,,South,100691,FALSE
692,Riya,Singh,Riya Singh,Customer description 692,customer0692@example.com,9100000692,Address Line1 692,Address Line2 692,Pune,Haryana,India,,East,100692,TRUE
693,Manish,Gupta,Manish Gupta,Customer description 693,customer0693@example.com,9100000693,Address Line1 693,Address Line2 693,Bangalore,Delhi,India,,West,100693,FALSE
694,Nikhil,Patel,Nikhil Patel,Customer description 694,customer0694@example.com,9100000694,Address Line1 694,Address Line2 694,Chennai,Maharashtra,India,,Central,100694,TRUE
695,Kavita,Mehta,Kavita Mehta,Customer description 695,customer0695@example.com,9100000695,Address Line1 695,Address Line2 695,Hyderabad,Karnataka,India,,North,100695,FALSE
696,Deepak,Kumar,Deepak Kumar,Customer description 696,customer0696@example.com,9100000696,Address Line1 696,Address Line2 696,Jaipur,Tamil Nadu,India,,South,100696,TRUE
697,Simran,Joshi,Simran Joshi,Customer description 697,customer0697@example.com,9100000697,Address Line1 697,Address Line2 697,Indore,Telangana,India,,East,100697,FALSE
698,Gaurav,Yadav,Gaurav Yadav,Customer description 698,customer0698@example.com,9100000698,Address Line1 698,Address Line2 698,Noida,Rajasthan,India,,West,100698,TRUE
699,Isha,Chauhan,Isha Chauhan,Customer description 699,customer0699@example.com,9100000699,Address Line1 699,Address Line2 699,Gurgaon,MP,India,,Central,100699,FALSE
700,Amit,Sharma,Amit Sharma,Customer description 700,customer0700@example.com,9100000700,Address Line1 700,Address Line2 700,Delhi,UP,India,,North,100700,TRUE
701,Rahul,Verma,Rahul Verma,Customer description 701,customer0701@example.com,9100000701,Address Line1 701,Address Line2 701,Mumbai,Haryana,India,,South,100701,FALSE
702,Neha,Singh,Neha Singh,Customer description 702,customer0702@example.com,9100000702,Address Line1 702,Address Line2 702,Pune,Delhi,India,,East,100702,TRUE
703,Poonam,Gupta,Poonam Gupta,Customer description 703,customer0703@example.com,9100000703,Address Line1 703,Address Line2 703,Bangalore,Maharashtra,India,,West,100703,FALSE
704,Anita,Patel,Anita Patel,Customer description 704,customer0704@example.com,9100000704,Address Line1 704,Address Line2 704,Chennai,Karnataka,India,,Central,100704,TRUE
705,Rohit,Mehta,Rohit Mehta,Customer description 705,customer0705@example.com,9100000705,Address Line1 705,Address Line2 705,Hyderabad,Tamil Nadu,India,,North,100705,FALSE
706,Kiran,Kumar,Kiran Kumar,Customer description 706,customer0706@example.com,9100000706,Address Line1 706,Address Line2 706,Jaipur,Telangana,India,,South,100706,TRUE
707,Sneha,Joshi,Sneha Joshi,Customer description 707,customer0707@example.com,9100000707,Address Line1 707,Address Line2 707,Indore,Rajasthan,India,,East,100707,FALSE
708,Vikas,Yadav,Vikas Yadav,Customer description 708,customer0708@example.com,9100000708,Address Line1 708,Address Line2 708,Noida,MP,India,,West,100708,TRUE
709,Priya,Chauhan,Priya Chauhan,Customer description 709,customer0709@example.com,9100000709,Address Line1 709,Address Line2 709,Gurgaon,UP,India,,Central,100709,FALSE
710,Suman,Sharma,Suman Sharma,Customer description 710,customer0710@example.com,9100000710,Address Line1 710,Address Line2 710,Delhi,Haryana,India,,North,100710,TRUE
711,Arjun,Verma,Arjun Verma,Customer description 711,customer0711@example.com,9100000711,Address Line1 711,Address Line2 711,Mumbai,Delhi,India,,South,100711,FALSE
712,Riya,Singh,Riya Singh,Customer description 712,customer0712@example.com,9100000712,Address Line1 712,Address Line2 712,Pune,Maharashtra,India,,East,100712,TRUE
713,Manish,Gupta,Manish Gupta,Customer description 713,customer0713@example.com,9100000713,Address Line1 713,Address Line2 713,Bangalore,Karnataka,India,,West,100713,FALSE
714,Nikhil,Patel,Nikhil Patel,Customer description 714,customer0714@example.com,9100000714,Address Line1 714,Address Line2 714,Chennai,Tamil Nadu,India,,Central,100714,TRUE
715,Kavita,Mehta,Kavita Mehta,Customer description 715,customer0715@example.com,9100000715,Address Line1 715,Address Line2 715,Hyderabad,Telangana,India,,North,100715,FALSE
716,Deepak,Kumar,Deepak Kumar,Customer description 716,customer0716@example.com,9100000716,Address Line1 716,Address Line2 716,Jaipur,Rajasthan,India,,South,100716,TRUE
717,Simran,Joshi,Simran Joshi,Customer description 717,customer0717@example.com,9100000717,Address Line1 717,Address Line2 717,Indore,MP,India,,East,100717,FALSE
718,Gaurav,Yadav,Gaurav Yadav,Customer description 718,customer0718@example.com,9100000718,Address Line1 718,Address Line2 718,Noida,UP,India,,West,100718,TRUE
719,Isha,Chauhan,Isha Chauhan,Customer description 719,customer0719@example.com,9100000719,Address Line1 719,Address Line2 719,Gurgaon,Haryana,India,,Central,100719,FALSE
720,Amit,Sharma,Amit Sharma,Customer description 720,customer0720@example.com,9100000720,Address Line1 720,Address Line2 720,Delhi,Delhi,India,,North,100720,TRUE
721,Rahul,Verma,Rahul Verma,Customer description 721,customer0721@example.com,9100000721,Address Line1 721,Address Line2 721,Mumbai,Maharashtra,India,,South,100721,FALSE
722,Neha,Singh,Neha Singh,Customer description 722,customer0722@example.com,9100000722,Address Line1 722,Address Line2 722,Pune,Karnataka,India,,East,100722,TRUE
723,Poonam,Gupta,Poonam Gupta,Customer description 723,customer0723@example.com,9100000723,Address Line1 723,Address Line2 723,Bangalore,Tamil Nadu,India,,West,100723,FALSE
724,Anita,Patel,Anita Patel,Customer description 724,customer0724@example.com,9100000724,Address Line1 724,Address Line2 724,Chennai,Telangana,India,,Central,100724,TRUE
725,Rohit,Mehta,Rohit Mehta,Customer description 725,customer0725@example.com,9100000725,Address Line1 725,Address Line2 725,Hyderabad,Rajasthan,India,,North,100725,FALSE
726,Kiran,Kumar,Kiran Kumar,Customer description 726,customer0726@example.com,9100000726,Address Line1 726,Address Line2 726,Jaipur,MP,India,,South,100726,TRUE
727,Sneha,Joshi,Sneha Joshi,Customer description 727,customer0727@example.com,9100000727,Address Line1 727,Address Line2 727,Indore,UP,India,,East,100727,FALSE
728,Vikas,Yadav,Vikas Yadav,Customer description 728,customer0728@example.com,9100000728,Address Line1 728,Address Line2 728,Noida,Haryana,India,,West,100728,TRUE
729,Priya,Chauhan,Priya Chauhan,Customer description 729,customer0729@example.com,9100000729,Address Line1 729,Address Line2 729,Gurgaon,Delhi,India,,Central,100729,FALSE
730,Suman,Sharma,Suman Sharma,Customer description 730,customer0730@example.com,9100000730,Address Line1 730,Address Line2 730,Delhi,Maharashtra,India,,North,100730,TRUE
731,Arjun,Verma,Arjun Verma,Customer description 731,customer0731@example.com,9100000731,Address Line1 731,Address Line2 731,Mumbai,Karnataka,India,,South,100731,FALSE
732,Riya,Singh,Riya Singh,Customer description 732,customer0732@example.com,9100000732,Address Line1 732,Address Line2 732,Pune,Tamil Nadu,India,,East,100732,TRUE
733,Manish,Gupta,Manish Gupta,Customer description 733,customer0733@example.com,9100000733,Address Line1 733,Address Line2 733,Bangalore,Telangana,India,,West,100733,FALSE
734,Nikhil,Patel,Nikhil Patel,Customer description 734,customer0734@example.com,9100000734,Address Line1 734,Address Line2 734,Chennai,Rajasthan,India,,Central,100734,TRUE
735,Kavita,Mehta,Kavita Mehta,Customer description 735,customer0735@example.com,9100000735,Address Line1 735,Address Line2 735,Hyderabad,MP,India,,North,100735,FALSE
736,Deepak,Kumar,Deepak Kumar,Customer description 736,customer0736@example.com,9100000736,Address Line1 736,Address Line2 736,Jaipur,UP,India,,South,100736,TRUE
737,Simran,Joshi,Simran Joshi,Customer description 737,customer0737@example.com,9100000737,Address Line1 737,Address Line2 737,Indore,Haryana,India,,East,100737,FALSE
738,Gaurav,Yadav,Gaurav Yadav,Customer description 738,customer0738@example.com,9100000738,Address Line1 738,Address Line2 738,Noida,Delhi,India,,West,100738,TRUE
739,Isha,Chauhan,Isha Chauhan,Customer description 739,customer0739@example.com,9100000739,Address Line1 739,Address Line2 739,Gurgaon,Maharashtra,India,,Central,100739,FALSE
740,Amit,Sharma,Amit Sharma,Customer description 740,customer0740@example.com,9100000740,Address Line1 740,Address Line2 740,Delhi,Karnataka,India,,North,100740,TRUE
741,Rahul,Verma,Rahul Verma,Customer description 741,customer0741@example.com,9100000741,Address Line1 741,Address Line2 741,Mumbai,Tamil Nadu,India,,South,100741,FALSE
742,Neha,Singh,Neha Singh,Customer description 742,customer0742@example.com,9100000742,Address Line1 742,Address Line2 742,Pune,Telangana,India,,East,100742,TRUE
743,Poonam,Gupta,Poonam Gupta,Customer description 743,customer0743@example.com,9100000743,Address Line1 743,Address Line2 743,Bangalore,Rajasthan,India,,West,100743,FALSE
744,Anita,Patel,Anita Patel,Customer description 744,customer0744@example.com,9100000744,Address Line1 744,Address Line2 744,Chennai,MP,India,,Central,100744,TRUE
745,Rohit,Mehta,Rohit Mehta,Customer description 745,customer0745@example.com,9100000745,Address Line1 745,Address Line2 745,Hyderabad,UP,India,,North,100745,FALSE
746,Kiran,Kumar,Kiran Kumar,Customer description 746,customer0746@example.com,9100000746,Address Line1 746,Address Line2 746,Jaipur,Haryana,India,,South,100746,TRUE
747,Sneha,Joshi,Sneha Joshi,Customer description 747,customer0747@example.com,9100000747,Address Line1 747,Address Line2 747,Indore,Delhi,India,,East,100747,FALSE
748,Vikas,Yadav,Vikas Yadav,Customer description 748,customer0748@example.com,9100000748,Address Line1 748,Address Line2 748,Noida,Maharashtra,India,,West,100748,TRUE
749,Priya,Chauhan,Priya Chauhan,Customer description 749,customer0749@example.com,9100000749,Address Line1 749,Address Line2 749,Gurgaon,Karnataka,India,,Central,100749,FALSE
750,Suman,Sharma,Suman Sharma,Customer description 750,customer0750@example.com,9100000750,Address Line1 750,Address Line2 750,Delhi,Tamil Nadu,India,,North,100750,TRUE
751,Arjun,Verma,Arjun Verma,Customer description 751,customer0751@example.com,9100000751,Address Line1 751,Address Line2 751,Mumbai,Telangana,India,,South,100751,FALSE
752,Riya,Singh,Riya Singh,Customer description 752,customer0752@example.com,9100000752,Address Line1 752,Address Line2 752,Pune,Rajasthan,India,,East,100752,TRUE
753,Manish,Gupta,Manish Gupta,Customer description 753,customer0753@example.com,9100000753,Address Line1 753,Address Line2 753,Bangalore,MP,India,,West,100753,FALSE
754,Nikhil,Patel,Nikhil Patel,Customer description 754,customer0754@example.com,9100000754,Address Line1 754,Address Line2 754,Chennai,UP,India,,Central,100754,TRUE
755,Kavita,Mehta,Kavita Mehta,Customer description 755,customer0755@example.com,9100000755,Address Line1 755,Address Line2 755,Hyderabad,Haryana,India,,North,100755,FALSE
756,Deepak,Kumar,Deepak Kumar,Customer description 756,customer0756@example.com,9100000756,Address Line1 756,Address Line2 756,Jaipur,Delhi,India,,South,100756,TRUE
757,Simran,Joshi,Simran Joshi,Customer description 757,customer0757@example.com,9100000757,Address Line1 757,Address Line2 757,Indore,Maharashtra,India,,East,100757,FALSE
758,Gaurav,Yadav,Gaurav Yadav,Customer description 758,customer0758@example.com,9100000758,Address Line1 758,Address Line2 758,Noida,Karnataka,India,,West,100758,TRUE
759,Isha,Chauhan,Isha Chauhan,Customer description 759,customer0759@example.com,9100000759,Address Line1 759,Address Line2 759,Gurgaon,Tamil Nadu,India,,Central,100759,FALSE
760,Amit,Sharma,Amit Sharma,Customer description 760,customer0760@example.com,9100000760,Address Line1 760,Address Line2 760,Delhi,Telangana,India,,North,100760,TRUE
761,Rahul,Verma,Rahul Verma,Customer description 761,customer0761@example.com,9100000761,Address Line1 761,Address Line2 761,Mumbai,Rajasthan,India,,South,100761,FALSE
762,Neha,Singh,Neha Singh,Customer description 762,customer0762@example.com,9100000762,Address Line1 762,Address Line2 762,Pune,MP,India,,East,100762,TRUE
763,Poonam,Gupta,Poonam Gupta,Customer description 763,customer0763@example.com,9100000763,Address Line1 763,Address Line2 763,Bangalore,UP,India,,West,100763,FALSE
764,Anita,Patel,Anita Patel,Customer description 764,customer0764@example.com,9100000764,Address Line1 764,Address Line2 764,Chennai,Haryana,India,,Central,100764,TRUE
765,Rohit,Mehta,Rohit Mehta,Customer description 765,customer0765@example.com,9100000765,Address Line1 765,Address Line2 765,Hyderabad,Delhi,India,,North,100765,FALSE
766,Kiran,Kumar,Kiran Kumar,Customer description 766,customer0766@example.com,9100000766,Address Line1 766,Address Line2 766,Jaipur,Maharashtra,India,,South,100766,TRUE
767,Sneha,Joshi,Sneha Joshi,Customer description 767,customer0767@example.com,9100000767,Address Line1 767,Address Line2 767,Indore,Karnataka,India,,East,100767,FALSE
768,Vikas,Yadav,Vikas Yadav,Customer description 768,customer0768@example.com,9100000768,Address Line1 768,Address Line2 768,Noida,Tamil Nadu,India,,West,100768,TRUE
769,Priya,Chauhan,Priya Chauhan,Customer description 769,customer0769@example.com,9100000769,Address Line1 769,Address Line2 769,Gurgaon,Telangana,India,,Central,100769,FALSE
770,Suman,Sharma,Suman Sharma,Customer description 770,customer0770@example.com,9100000770,Address Line1 770,Address Line2 770,Delhi,Rajasthan,India,,North,100770,TRUE
771,Arjun,Verma,Arjun Verma,Customer description 771,customer0771@example.com,9100000771,Address Line1 771,Address Line2 771,Mumbai,MP,India,,South,100771,FALSE
772,Riya,Singh,Riya Singh,Customer description 772,customer0772@example.com,9100000772,Address Line1 772,Address Line2 772,Pune,UP,India,,East,100772,TRUE
773,Manish,Gupta,Manish Gupta,Customer description 773,customer0773@example.com,9100000773,Address Line1 773,Address Line2 773,Bangalore,Haryana,India,,West,100773,FALSE
774,Nikhil,Patel,Nikhil Patel,Customer description 774,customer0774@example.com,9100000774,Address Line1 774,Address Line2 774,Chennai,Delhi,India,,Central,100774,TRUE
775,Kavita,Mehta,Kavita Mehta,Customer description 775,customer0775@example.com,9100000775,Address Line1 775,Address Line2 775,Hyderabad,Maharashtra,India,,North,100775,FALSE
776,Deepak,Kumar,Deepak Kumar,Customer description 776,customer0776@example.com,9100000776,Address Line1 776,Address Line2 776,Jaipur,Karnataka,India,,South,100776,TRUE
777,Simran,Joshi,Simran Joshi,Customer description 777,customer0777@example.com,9100000777,Address Line1 777,Address Line2 777,Indore,Tamil Nadu,India,,East,100777,FALSE
778,Gaurav,Yadav,Gaurav Yadav,Customer description 778,customer0778@example.com,9100000778,Address Line1 778,Address Line2 778,Noida,Telangana,India,,West,100778,TRUE
779,Isha,Chauhan,Isha Chauhan,Customer description 779,customer0779@example.com,9100000779,Address Line1 779,Address Line2 779,Gurgaon,Rajasthan,India,,Central,100779,FALSE
780,Amit,Sharma,Amit Sharma,Customer description 780,customer0780@example.com,9100000780,Address Line1 780,Address Line2 780,Delhi,MP,India,,North,100780,TRUE
781,Rahul,Verma,Rahul Verma,Customer description 781,customer0781@example.com,9100000781,Address Line1 781,Address Line2 781,Mumbai,UP,India,,South,100781,FALSE
782,Neha,Singh,Neha Singh,Customer description 782,customer0782@example.com,9100000782,Address Line1 782,Address Line2 782,Pune,Haryana,India,,East,100782,TRUE
783,Poonam,Gupta,Poonam Gupta,Customer description 783,customer0783@example.com,9100000783,Address Line1 783,Address Line2 783,Bangalore,Delhi,India,,West,100783,FALSE
784,Anita,Patel,Anita Patel,Customer description 784,customer0784@example.com,9100000784,Address Line1 784,Address Line2 784,Chennai,Maharashtra,India,,Central,100784,TRUE
785,Rohit,Mehta,Rohit Mehta,Customer description 785,customer0785@example.com,9100000785,Address Line1 785,Address Line2 785,Hyderabad,Karnataka,India,,North,100785,FALSE
786,Kiran,Kumar,Kiran Kumar,Customer description 786,customer0786@example.com,9100000786,Address Line1 786,Address Line2 786,Jaipur,Tamil Nadu,India,,South,100786,TRUE
787,Sneha,Joshi,Sneha Joshi,Customer description 787,customer0787@example.com,9100000787,Address Line1 787,Address Line2 787,Indore,Telangana,India,,East,100787,FALSE
788,Vikas,Yadav,Vikas Yadav,Customer description 788,customer0788@example.com,9100000788,Address Line1 788,Address Line2 788,Noida,Rajasthan,India,,West,100788,TRUE
789,Priya,Chauhan,Priya Chauhan,Customer description 789,customer0789@example.com,9100000789,Address Line1 789,Address Line2 789,Gurgaon,MP,India,,Central,100789,FALSE
790,Suman,Sharma,Suman Sharma,Customer description 790,customer0790@example.com,9100000790,Address Line1 790,Address Line2 790,Delhi,UP,India,,North,100790,TRUE
791,Arjun,Verma,Arjun Verma,Customer description 791,customer0791@example.com,9100000791,Address Line1 791,Address Line2 791,Mumbai,Haryana,India,,South,100791,FALSE
792,Riya,Singh,Riya Singh,Customer description 792,customer0792@example.com,9100000792,Address Line1 792,Address Line2 792,Pune,Delhi,India,,East,100792,TRUE
793,Manish,Gupta,Manish Gupta,Customer description 793,customer0793@example.com,9100000793,Address Line1 793,Address Line2 793,Bangalore,Maharashtra,India,,West,100793,FALSE
794,Nikhil,Patel,Nikhil Patel,Customer description 794,customer0794@example.com,9100000794,Address Line1 794,Address Line2 794,Chennai,Karnataka,India,,Central,100794,TRUE
795,Kavita,Mehta,Kavita Mehta,Customer description 795,customer0795@example.com,9100000795,Address Line1 795,Address Line2 795,Hyderabad,Tamil Nadu,India,,North,100795,FALSE
796,Deepak,Kumar,Deepak Kumar,Customer description 796,customer0796@example.com,9100000796,Address Line1 796,Address Line2 796,Jaipur,Telangana,India,,South,100796,TRUE
797,Simran,Joshi,Simran Joshi,Customer description 797,customer0797@example.com,9100000797,Address Line1 797,Address Line2 797,Indore,Rajasthan,India,,East,100797,FALSE
798,Gaurav,Yadav,Gaurav Yadav,Customer description 798,customer0798@example.com,9100000798,Address Line1 798,Address Line2 798,Noida,MP,India,,West,100798,TRUE
799,Isha,Chauhan,Isha Chauhan,Customer description 799,customer0799@example.com,9100000799,Address Line1 799,Address Line2 799,Gurgaon,UP,India,,Central,100799,FALSE
800,Amit,Sharma,Amit Sharma,Customer description 800,customer0800@example.com,9100000800,Address Line1 800,Address Line2 800,Delhi,Haryana,India,,North,100800,TRUE
801,Rahul,Verma,Rahul Verma,Customer description 801,customer0801@example.com,9100000801,Address Line1 801,Address Line2 801,Mumbai,Delhi,India,,South,100801,FALSE
802,Neha,Singh,Neha Singh,Customer description 802,customer0802@example.com,9100000802,Address Line1 802,Address Line2 802,Pune,Maharashtra,India,,East,100802,TRUE
803,Poonam,Gupta,Poonam Gupta,Customer description 803,customer0803@example.com,9100000803,Address Line1 803,Address Line2 803,Bangalore,Karnataka,India,,West,100803,FALSE
804,Anita,Patel,Anita Patel,Customer description 804,customer0804@example.com,9100000804,Address Line1 804,Address Line2 804,Chennai,Tamil Nadu,India,,Central,100804,TRUE
805,Rohit,Mehta,Rohit Mehta,Customer description 805,customer0805@example.com,9100000805,Address Line1 805,Address Line2 805,Hyderabad,Telangana,India,,North,100805,FALSE
806,Kiran,Kumar,Kiran Kumar,Customer description 806,customer0806@example.com,9100000806,Address Line1 806,Address Line2 806,Jaipur,Rajasthan,India,,South,100806,TRUE
807,Sneha,Joshi,Sneha Joshi,Customer description 807,customer0807@example.com,9100000807,Address Line1 807,Address Line2 807,Indore,MP,India,,East,100807,FALSE
808,Vikas,Yadav,Vikas Yadav,Customer description 808,customer0808@example.com,9100000808,Address Line1 808,Address Line2 808,Noida,UP,India,,West,100808,TRUE
809,Priya,Chauhan,Priya Chauhan,Customer description 809,customer0809@example.com,9100000809,Address Line1 809,Address Line2 809,Gurgaon,Haryana,India,,Central,100809,FALSE
810,Suman,Sharma,Suman Sharma,Customer description 810,customer0810@example.com,9100000810,Address Line1 810,Address Line2 810,Delhi,Delhi,India,,North,100810,TRUE
811,Arjun,Verma,Arjun Verma,Customer description 811,customer0811@example.com,9100000811,Address Line1 811,Address Line2 811,Mumbai,Maharashtra,India,,South,100811,FALSE
812,Riya,Singh,Riya Singh,Customer description 812,customer0812@example.com,9100000812,Address Line1 812,Address Line2 812,Pune,Karnataka,India,,East,100812,TRUE
813,Manish,Gupta,Manish Gupta,Customer description 813,customer0813@example.com,9100000813,Address Line1 813,Address Line2 813,Bangalore,Tamil Nadu,India,,West,100813,FALSE
814,Nikhil,Patel,Nikhil Patel,Customer description 814,customer0814@example.com,9100000814,Address Line1 814,Address Line2 814,Chennai,Telangana,India,,Central,100814,TRUE
815,Kavita,Mehta,Kavita Mehta,Customer description 815,customer0815@example.com,9100000815,Address Line1 815,Address Line2 815,Hyderabad,Rajasthan,India,,North,100815,FALSE
816,Deepak,Kumar,Deepak Kumar,Customer description 816,customer0816@example.com,9100000816,Address Line1 816,Address Line2 816,Jaipur,MP,India,,South,100816,TRUE
817,Simran,Joshi,Simran Joshi,Customer description 817,customer0817@example.com,9100000817,Address Line1 817,Address Line2 817,Indore,UP,India,,East,100817,FALSE
818,Gaurav,Yadav,Gaurav Yadav,Customer description 818,customer0818@example.com,9100000818,Address Line1 818,Address Line2 818,Noida,Haryana,India,,West,100818,TRUE
819,Isha,Chauhan,Isha Chauhan,Customer description 819,customer0819@example.com,9100000819,Address Line1 819,Address Line2 819,Gurgaon,Delhi,India,,Central,100819,FALSE
820,Amit,Sharma,Amit Sharma,Customer description 820,customer0820@example.com,9100000820,Address Line1 820,Address Line2 820,Delhi,Maharashtra,India,,North,100820,TRUE
821,Rahul,Verma,Rahul Verma,Customer description 821,customer0821@example.com,9100000821,Address Line1 821,Address Line2 821,Mumbai,Karnataka,India,,South,100821,FALSE
822,Neha,Singh,Neha Singh,Customer description 822,customer0822@example.com,9100000822,Address Line1 822,Address Line2 822,Pune,Tamil Nadu,India,,East,100822,TRUE
823,Poonam,Gupta,Poonam Gupta,Customer description 823,customer0823@example.com,9100000823,Address Line1 823,Address Line2 823,Bangalore,Telangana,India,,West,100823,FALSE
824,Anita,Patel,Anita Patel,Customer description 824,customer0824@example.com,9100000824,Address Line1 824,Address Line2 824,Chennai,Rajasthan,India,,Central,100824,TRUE
825,Rohit,Mehta,Rohit Mehta,Customer description 825,customer0825@example.com,9100000825,Address Line1 825,Address Line2 825,Hyderabad,MP,India,,North,100825,FALSE
826,Kiran,Kumar,Kiran Kumar,Customer description 826,customer0826@example.com,9100000826,Address Line1 826,Address Line2 826,Jaipur,UP,India,,South,100826,TRUE
827,Sneha,Joshi,Sneha Joshi,Customer description 827,customer0827@example.com,9100000827,Address Line1 827,Address Line2 827,Indore,Haryana,India,,East,100827,FALSE
828,Vikas,Yadav,Vikas Yadav,Customer description 828,customer0828@example.com,9100000828,Address Line1 828,Address Line2 828,Noida,Delhi,India,,West,100828,TRUE
829,Priya,Chauhan,Priya Chauhan,Customer description 829,customer0829@example.com,9100000829,Address Line1 829,Address Line2 829,Gurgaon,Maharashtra,India,,Central,100829,FALSE
830,Suman,Sharma,Suman Sharma,Customer description 830,customer0830@example.com,9100000830,Address Line1 830,Address Line2 830,Delhi,Karnataka,India,,North,100830,TRUE
831,Arjun,Verma,Arjun Verma,Customer description 831,customer0831@example.com,9100000831,Address Line1 831,Address Line2 831,Mumbai,Tamil Nadu,India,,South,100831,FALSE
832,Riya,Singh,Riya Singh,Customer description 832,customer0832@example.com,9100000832,Address Line1 832,Address Line2 832,Pune,Telangana,India,,East,100832,TRUE
833,Manish,Gupta,Manish Gupta,Customer description 833,customer0833@example.com,9100000833,Address Line1 833,Address Line2 833,Bangalore,Rajasthan,India,,West,100833,FALSE
834,Nikhil,Patel,Nikhil Patel,Customer description 834,customer0834@example.com,9100000834,Address Line1 834,Address Line2 834,Chennai,MP,India,,Central,100834,TRUE
835,Kavita,Mehta,Kavita Mehta,Customer description 835,customer0835@example.com,9100000835,Address Line1 835,Address Line2 835,Hyderabad,UP,India,,North,100835,FALSE
836,Deepak,Kumar,Deepak Kumar,Customer description 836,customer0836@example.com,9100000836,Address Line1 836,Address Line2 836,Jaipur,Haryana,India,,South,100836,TRUE
837,Simran,Joshi,Simran Joshi,Customer description 837,customer0837@example.com,9100000837,Address Line1 837,Address Line2 837,Indore,Delhi,India,,East,100837,FALSE
838,Gaurav,Yadav,Gaurav Yadav,Customer description 838,customer0838@example.com,9100000838,Address Line1 838,Address Line2 838,Noida,Maharashtra,India,,West,100838,TRUE
839,Isha,Chauhan,Isha Chauhan,Customer description 839,customer0839@example.com,9100000839,Address Line1 839,Address Line2 839,Gurgaon,Karnataka,India,,Central,100839,FALSE
840,Amit,Sharma,Amit Sharma,Customer description 840,customer0840@example.com,9100000840,Address Line1 840,Address Line2 840,Delhi,Tamil Nadu,India,,North,100840,TRUE
841,Rahul,Verma,Rahul Verma,Customer description 841,customer0841@example.com,9100000841,Address Line1 841,Address Line2 841,Mumbai,Telangana,India,,South,100841,FALSE
842,Neha,Singh,Neha Singh,Customer description 842,customer0842@example.com,9100000842,Address Line1 842,Address Line2 842,Pune,Rajasthan,India,,East,100842,TRUE
843,Poonam,Gupta,Poonam Gupta,Customer description 843,customer0843@example.com,9100000843,Address Line1 843,Address Line2 843,Bangalore,MP,India,,West,100843,FALSE
844,Anita,Patel,Anita Patel,Customer description 844,customer0844@example.com,9100000844,Address Line1 844,Address Line2 844,Chennai,UP,India,,Central,100844,TRUE
845,Rohit,Mehta,Rohit Mehta,Customer description 845,customer0845@example.com,9100000845,Address Line1 845,Address Line2 845,Hyderabad,Haryana,India,,North,100845,FALSE
846,Kiran,Kumar,Kiran Kumar,Customer description 846,customer0846@example.com,9100000846,Address Line1 846,Address Line2 846,Jaipur,Delhi,India,,South,100846,TRUE
847,Sneha,Joshi,Sneha Joshi,Customer description 847,customer0847@example.com,9100000847,Address Line1 847,Address Line2 847,Indore,Maharashtra,India,,East,100847,FALSE
848,Vikas,Yadav,Vikas Yadav,Customer description 848,customer0848@example.com,9100000848,Address Line1 848,Address Line2 848,Noida,Karnataka,India,,West,100848,TRUE
849,Priya,Chauhan,Priya Chauhan,Customer description 849,customer0849@example.com,9100000849,Address Line1 849,Address Line2 849,Gurgaon,Tamil Nadu,India,,Central,100849,FALSE
850,Suman,Sharma,Suman Sharma,Customer description 850,customer0850@example.com,9100000850,Address Line1 850,Address Line2 850,Delhi,Telangana,India,,North,100850,TRUE
851,Arjun,Verma,Arjun Verma,Customer description 851,customer0851@example.com,9100000851,Address Line1 851,Address Line2 851,Mumbai,Rajasthan,India,,South,100851,FALSE
852,Riya,Singh,Riya Singh,Customer description 852,customer0852@example.com,9100000852,Address Line1 852,Address Line2 852,Pune,MP,India,,East,100852,TRUE
853,Manish,Gupta,Manish Gupta,Customer description 853,customer0853@example.com,9100000853,Address Line1 853,Address Line2 853,Bangalore,UP,India,,West,100853,FALSE
854,Nikhil,Patel,Nikhil Patel,Customer description 854,customer0854@example.com,9100000854,Address Line1 854,Address Line2 854,Chennai,Haryana,India,,Central,100854,TRUE
855,Kavita,Mehta,Kavita Mehta,Customer description 855,customer0855@example.com,9100000855,Address Line1 855,Address Line2 855,Hyderabad,Delhi,India,,North,100855,FALSE
856,Deepak,Kumar,Deepak Kumar,Customer description 856,customer0856@example.com,9100000856,Address Line1 856,Address Line2 856,Jaipur,Maharashtra,India,,South,100856,TRUE
857,Simran,Joshi,Simran Joshi,Customer description 857,customer0857@example.com,9100000857,Address Line1 857,Address Line2 857,Indore,Karnataka,India,,East,100857,FALSE
858,Gaurav,Yadav,Gaurav Yadav,Customer description 858,customer0858@example.com,9100000858,Address Line1 858,Address Line2 858,Noida,Tamil Nadu,India,,West,100858,TRUE
859,Isha,Chauhan,Isha Chauhan,Customer description 859,customer0859@example.com,9100000859,Address Line1 859,Address Line2 859,Gurgaon,Telangana,India,,Central,100859,FALSE
860,Amit,Sharma,Amit Sharma,Customer description 860,customer0860@example.com,9100000860,Address Line1 860,Address Line2 860,Delhi,Rajasthan,India,,North,100860,TRUE
861,Rahul,Verma,Rahul Verma,Customer description 861,customer0861@example.com,9100000861,Address Line1 861,Address Line2 861,Mumbai,MP,India,,South,100861,FALSE
862,Neha,Singh,Neha Singh,Customer description 862,customer0862@example.com,9100000862,Address Line1 862,Address Line2 862,Pune,UP,India,,East,100862,TRUE
863,Poonam,Gupta,Poonam Gupta,Customer description 863,customer0863@example.com,9100000863,Address Line1 863,Address Line2 863,Bangalore,Haryana,India,,West,100863,FALSE
864,Anita,Patel,Anita Patel,Customer description 864,customer0864@example.com,9100000864,Address Line1 864,Address Line2 864,Chennai,Delhi,India,,Central,100864,TRUE
865,Rohit,Mehta,Rohit Mehta,Customer description 865,customer0865@example.com,9100000865,Address Line1 865,Address Line2 865,Hyderabad,Maharashtra,India,,North,100865,FALSE
866,Kiran,Kumar,Kiran Kumar,Customer description 866,customer0866@example.com,9100000866,Address Line1 866,Address Line2 866,Jaipur,Karnataka,India,,South,100866,TRUE
867,Sneha,Joshi,Sneha Joshi,Customer description 867,customer0867@example.com,9100000867,Address Line1 867,Address Line2 867,Indore,Tamil Nadu,India,,East,100867,FALSE
868,Vikas,Yadav,Vikas Yadav,Customer description 868,customer0868@example.com,9100000868,Address Line1 868,Address Line2 868,Noida,Telangana,India,,West,100868,TRUE
869,Priya,Chauhan,Priya Chauhan,Customer description 869,customer0869@example.com,9100000869,Address Line1 869,Address Line2 869,Gurgaon,Rajasthan,India,,Central,100869,FALSE
870,Suman,Sharma,Suman Sharma,Customer description 870,customer0870@example.com,9100000870,Address Line1 870,Address Line2 870,Delhi,MP,India,,North,100870,TRUE
871,Arjun,Verma,Arjun Verma,Customer description 871,customer0871@example.com,9100000871,Address Line1 871,Address Line2 871,Mumbai,UP,India,,South,100871,FALSE
872,Riya,Singh,Riya Singh,Customer description 872,customer0872@example.com,9100000872,Address Line1 872,Address Line2 872,Pune,Haryana,India,,East,100872,TRUE
873,Manish,Gupta,Manish Gupta,Customer description 873,customer0873@example.com,9100000873,Address Line1 873,Address Line2 873,Bangalore,Delhi,India,,West,100873,FALSE
874,Nikhil,Patel,Nikhil Patel,Customer description 874,customer0874@example.com,9100000874,Address Line1 874,Address Line2 874,Chennai,Maharashtra,India,,Central,100874,TRUE
875,Kavita,Mehta,Kavita Mehta,Customer description 875,customer0875@example.com,9100000875,Address Line1 875,Address Line2 875,Hyderabad,Karnataka,India,,North,100875,FALSE
876,Deepak,Kumar,Deepak Kumar,Customer description 876,customer0876@example.com,9100000876,Address Line1 876,Address Line2 876,Jaipur,Tamil Nadu,India,,South,100876,TRUE
877,Simran,Joshi,Simran Joshi,Customer description 877,customer0877@example.com,9100000877,Address Line1 877,Address Line2 877,Indore,Telangana,India,,East,100877,FALSE
878,Gaurav,Yadav,Gaurav Yadav,Customer description 878,customer0878@example.com,9100000878,Address Line1 878,Address Line2 878,Noida,Rajasthan,India,,West,100878,TRUE
879,Isha,Chauhan,Isha Chauhan,Customer description 879,customer0879@example.com,9100000879,Address Line1 879,Address Line2 879,Gurgaon,MP,India,,Central,100879,FALSE
880,Amit,Sharma,Amit Sharma,Customer description 880,customer0880@example.com,9100000880,Address Line1 880,Address Line2 880,Delhi,UP,India,,North,100880,TRUE
881,Rahul,Verma,Rahul Verma,Customer description 881,customer0881@example.com,9100000881,Address Line1 881,Address Line2 881,Mumbai,Haryana,India,,South,100881,FALSE
882,Neha,Singh,Neha Singh,Customer description 882,customer0882@example.com,9100000882,Address Line1 882,Address Line2 882,Pune,Delhi,India,,East,100882,TRUE
883,Poonam,Gupta,Poonam Gupta,Customer description 883,customer0883@example.com,9100000883,Address Line1 883,Address Line2 883,Bangalore,Maharashtra,India,,West,100883,FALSE
884,Anita,Patel,Anita Patel,Customer description 884,customer0884@example.com,9100000884,Address Line1 884,Address Line2 884,Chennai,Karnataka,India,,Central,100884,TRUE
885,Rohit,Mehta,Rohit Mehta,Customer description 885,customer0885@example.com,9100000885,Address Line1 885,Address Line2 885,Hyderabad,Tamil Nadu,India,,North,100885,FALSE
886,Kiran,Kumar,Kiran Kumar,Customer description 886,customer0886@example.com,9100000886,Address Line1 886,Address Line2 886,Jaipur,Telangana,India,,South,100886,TRUE
887,Sneha,Joshi,Sneha Joshi,Customer description 887,customer0887@example.com,9100000887,Address Line1 887,Address Line2 887,Indore,Rajasthan,India,,East,100887,FALSE
888,Vikas,Yadav,Vikas Yadav,Customer description 888,customer0888@example.com,9100000888,Address Line1 888,Address Line2 888,Noida,MP,India,,West,100888,TRUE
889,Priya,Chauhan,Priya Chauhan,Customer description 889,customer0889@example.com,9100000889,Address Line1 889,Address Line2 889,Gurgaon,UP,India,,Central,100889,FALSE
890,Suman,Sharma,Suman Sharma,Customer description 890,customer0890@example.com,9100000890,Address Line1 890,Address Line2 890,Delhi,Haryana,India,,North,100890,TRUE
891,Arjun,Verma,Arjun Verma,Customer description 891,customer0891@example.com,9100000891,Address Line1 891,Address Line2 891,Mumbai,Delhi,India,,South,100891,FALSE
892,Riya,Singh,Riya Singh,Customer description 892,customer0892@example.com,9100000892,Address Line1 892,Address Line2 892,Pune,Maharashtra,India,,East,100892,TRUE
893,Manish,Gupta,Manish Gupta,Customer description 893,customer0893@example.com,9100000893,Address Line1 893,Address Line2 893,Bangalore,Karnataka,India,,West,100893,FALSE
894,Nikhil,Patel,Nikhil Patel,Customer description 894,customer0894@example.com,9100000894,Address Line1 894,Address Line2 894,Chennai,Tamil Nadu,India,,Central,100894,TRUE
895,Kavita,Mehta,Kavita Mehta,Customer description 895,customer0895@example.com,9100000895,Address Line1 895,Address Line2 895,Hyderabad,Telangana,India,,North,100895,FALSE
896,Deepak,Kumar,Deepak Kumar,Customer description 896,customer0896@example.com,9100000896,Address Line1 896,Address Line2 896,Jaipur,Rajasthan,India,,South,100896,TRUE
897,Simran,Joshi,Simran Joshi,Customer description 897,customer0897@example.com,9100000897,Address Line1 897,Address Line2 897,Indore,MP,India,,East,100897,FALSE
898,Gaurav,Yadav,Gaurav Yadav,Customer description 898,customer0898@example.com,9100000898,Address Line1 898,Address Line2 898,Noida,UP,India,,West,100898,TRUE
899,Isha,Chauhan,Isha Chauhan,Customer description 899,customer0899@example.com,9100000899,Address Line1 899,Address Line2 899,Gurgaon,Haryana,India,,Central,100899,FALSE
900,Amit,Sharma,Amit Sharma,Customer description 900,customer0900@example.com,9100000900,Address Line1 900,Address Line2 900,Delhi,Delhi,India,,North,100900,TRUE
901,Rahul,Verma,Rahul Verma,Customer description 901,customer0901@example.com,9100000901,Address Line1 901,Address Line2 901,Mumbai,Maharashtra,India,,South,100901,FALSE
902,Neha,Singh,Neha Singh,Customer description 902,customer0902@example.com,9100000902,Address Line1 902,Address Line2 902,Pune,Karnataka,India,,East,100902,TRUE
903,Poonam,Gupta,Poonam Gupta,Customer description 903,customer0903@example.com,9100000903,Address Line1 903,Address Line2 903,Bangalore,Tamil Nadu,India,,West,100903,FALSE
904,Anita,Patel,Anita Patel,Customer description 904,customer0904@example.com,9100000904,Address Line1 904,Address Line2 904,Chennai,Telangana,India,,Central,100904,TRUE
905,Rohit,Mehta,Rohit Mehta,Customer description 905,customer0905@example.com,9100000905,Address Line1 905,Address Line2 905,Hyderabad,Rajasthan,India,,North,100905,FALSE
906,Kiran,Kumar,Kiran Kumar,Customer description 906,customer0906@example.com,9100000906,Address Line1 906,Address Line2 906,Jaipur,MP,India,,South,100906,TRUE
907,Sneha,Joshi,Sneha Joshi,Customer description 907,customer0907@example.com,9100000907,Address Line1 907,Address Line2 907,Indore,UP,India,,East,100907,FALSE
908,Vikas,Yadav,Vikas Yadav,Customer description 908,customer0908@example.com,9100000908,Address Line1 908,Address Line2 908,Noida,Haryana,India,,West,100908,TRUE
909,Priya,Chauhan,Priya Chauhan,Customer description 909,customer0909@example.com,9100000909,Address Line1 909,Address Line2 909,Gurgaon,Delhi,India,,Central,100909,FALSE
910,Suman,Sharma,Suman Sharma,Customer description 910,customer0910@example.com,9100000910,Address Line1 910,Address Line2 910,Delhi,Maharashtra,India,,North,100910,TRUE
911,Arjun,Verma,Arjun Verma,Customer description 911,customer0911@example.com,9100000911,Address Line1 911,Address Line2 911,Mumbai,Karnataka,India,,South,100911,FALSE
912,Riya,Singh,Riya Singh,Customer description 912,customer0912@example.com,9100000912,Address Line1 912,Address Line2 912,Pune,Tamil Nadu,India,,East,100912,TRUE
913,Manish,Gupta,Manish Gupta,Customer description 913,customer0913@example.com,9100000913,Address Line1 913,Address Line2 913,Bangalore,Telangana,India,,West,100913,FALSE
914,Nikhil,Patel,Nikhil Patel,Customer description 914,customer0914@example.com,9100000914,Address Line1 914,Address Line2 914,Chennai,Rajasthan,India,,Central,100914,TRUE
915,Kavita,Mehta,Kavita Mehta,Customer description 915,customer0915@example.com,9100000915,Address Line1 915,Address Line2 915,Hyderabad,MP,India,,North,100915,FALSE
916,Deepak,Kumar,Deepak Kumar,Customer description 916,customer0916@example.com,9100000916,Address Line1 916,Address Line2 916,Jaipur,UP,India,,South,100916,TRUE
917,Simran,Joshi,Simran Joshi,Customer description 917,customer0917@example.com,9100000917,Address Line1 917,Address Line2 917,Indore,Haryana,India,,East,100917,FALSE
918,Gaurav,Yadav,Gaurav Yadav,Customer description 918,customer0918@example.com,9100000918,Address Line1 918,Address Line2 918,Noida,Delhi,India,,West,100918,TRUE
919,Isha,Chauhan,Isha Chauhan,Customer description 919,customer0919@example.com,9100000919,Address Line1 919,Address Line2 919,Gurgaon,Maharashtra,India,,Central,100919,FALSE
920,Amit,Sharma,Amit Sharma,Customer description 920,customer0920@example.com,9100000920,Address Line1 920,Address Line2 920,Delhi,Karnataka,India,,North,100920,TRUE
921,Rahul,Verma,Rahul Verma,Customer description 921,customer0921@example.com,9100000921,Address Line1 921,Address Line2 921,Mumbai,Tamil Nadu,India,,South,100921,FALSE
922,Neha,Singh,Neha Singh,Customer description 922,customer0922@example.com,9100000922,Address Line1 922,Address Line2 922,Pune,Telangana,India,,East,100922,TRUE
923,Poonam,Gupta,Poonam Gupta,Customer description 923,customer0923@example.com,9100000923,Address Line1 923,Address Line2 923,Bangalore,Rajasthan,India,,West,100923,FALSE
924,Anita,Patel,Anita Patel,Customer description 924,customer0924@example.com,9100000924,Address Line1 924,Address Line2 924,Chennai,MP,India,,Central,100924,TRUE
925,Rohit,Mehta,Rohit Mehta,Customer description 925,customer0925@example.com,9100000925,Address Line1 925,Address Line2 925,Hyderabad,UP,India,,North,100925,FALSE
926,Kiran,Kumar,Kiran Kumar,Customer description 926,customer0926@example.com,9100000926,Address Line1 926,Address Line2 926,Jaipur,Haryana,India,,South,100926,TRUE
927,Sneha,Joshi,Sneha Joshi,Customer description 927,customer0927@example.com,9100000927,Address Line1 927,Address Line2 927,Indore,Delhi,India,,East,100927,FALSE
928,Vikas,Yadav,Vikas Yadav,Customer description 928,customer0928@example.com,9100000928,Address Line1 928,Address Line2 928,Noida,Maharashtra,India,,West,100928,TRUE
929,Priya,Chauhan,Priya Chauhan,Customer description 929,customer0929@example.com,9100000929,Address Line1 929,Address Line2 929,Gurgaon,Karnataka,India,,Central,100929,FALSE
930,Suman,Sharma,Suman Sharma,Customer description 930,customer0930@example.com,9100000930,Address Line1 930,Address Line2 930,Delhi,Tamil Nadu,India,,North,100930,TRUE
931,Arjun,Verma,Arjun Verma,Customer description 931,customer0931@example.com,9100000931,Address Line1 931,Address Line2 931,Mumbai,Telangana,India,,South,100931,FALSE
932,Riya,Singh,Riya Singh,Customer description 932,customer0932@example.com,9100000932,Address Line1 932,Address Line2 932,Pune,Rajasthan,India,,East,100932,TRUE
933,Manish,Gupta,Manish Gupta,Customer description 933,customer0933@example.com,9100000933,Address Line1 933,Address Line2 933,Bangalore,MP,India,,West,100933,FALSE
934,Nikhil,Patel,Nikhil Patel,Customer description 934,customer0934@example.com,9100000934,Address Line1 934,Address Line2 934,Chennai,UP,India,,Central,100934,TRUE
935,Kavita,Mehta,Kavita Mehta,Customer description 935,customer0935@example.com,9100000935,Address Line1 935,Address Line2 935,Hyderabad,Haryana,India,,North,100935,FALSE
936,Deepak,Kumar,Deepak Kumar,Customer description 936,customer0936@example.com,9100000936,Address Line1 936,Address Line2 936,Jaipur,Delhi,India,,South,100936,TRUE
937,Simran,Joshi,Simran Joshi,Customer description 937,customer0937@example.com,9100000937,Address Line1 937,Address Line2 937,Indore,Maharashtra,India,,East,100937,FALSE
938,Gaurav,Yadav,Gaurav Yadav,Customer description 938,customer0938@example.com,9100000938,Address Line1 938,Address Line2 938,Noida,Karnataka,India,,West,100938,TRUE
939,Isha,Chauhan,Isha Chauhan,Customer description 939,customer0939@example.com,9100000939,Address Line1 939,Address Line2 939,Gurgaon,Tamil Nadu,India,,Central,100939,FALSE
940,Amit,Sharma,Amit Sharma,Customer description 940,customer0940@example.com,9100000940,Address Line1 940,Address Line2 940,Delhi,Telangana,India,,North,100940,TRUE
941,Rahul,Verma,Rahul Verma,Customer description 941,customer0941@example.com,9100000941,Address Line1 941,Address Line2 941,Mumbai,Rajasthan,India,,South,100941,FALSE
942,Neha,Singh,Neha Singh,Customer description 942,customer0942@example.com,9100000942,Address Line1 942,Address Line2 942,Pune,MP,India,,East,100942,TRUE
943,Poonam,Gupta,Poonam Gupta,Customer description 943,customer0943@example.com,9100000943,Address Line1 943,Address Line2 943,Bangalore,UP,India,,West,100943,FALSE
944,Anita,Patel,Anita Patel,Customer description 944,customer0944@example.com,9100000944,Address Line1 944,Address Line2 944,Chennai,Haryana,India,,Central,100944,TRUE
945,Rohit,Mehta,Rohit Mehta,Customer description 945,customer0945@example.com,9100000945,Address Line1 945,Address Line2 945,Hyderabad,Delhi,India,,North,100945,FALSE
946,Kiran,Kumar,Kiran Kumar,Customer description 946,customer0946@example.com,9100000946,Address Line1 946,Address Line2 946,Jaipur,Maharashtra,India,,South,100946,TRUE
947,Sneha,Joshi,Sneha Joshi,Customer description 947,customer0947@example.com,9100000947,Address Line1 947,Address Line2 947,Indore,Karnataka,India,,East,100947,FALSE
948,Vikas,Yadav,Vikas Yadav,Customer description 948,customer0948@example.com,9100000948,Address Line1 948,Address Line2 948,Noida,Tamil Nadu,India,,West,100948,TRUE
949,Priya,Chauhan,Priya Chauhan,Customer description 949,customer0949@example.com,9100000949,Address Line1 949,Address Line2 949,Gurgaon,Telangana,India,,Central,100949,FALSE
950,Suman,Sharma,Suman Sharma,Customer description 950,customer0950@example.com,9100000950,Address Line1 950,Address Line2 950,Delhi,Rajasthan,India,,North,100950,TRUE
951,Arjun,Verma,Arjun Verma,Customer description 951,customer0951@example.com,9100000951,Address Line1 951,Address Line2 951,Mumbai,MP,India,,South,100951,FALSE
952,Riya,Singh,Riya Singh,Customer description 952,customer0952@example.com,9100000952,Address Line1 952,Address Line2 952,Pune,UP,India,,East,100952,TRUE
953,Manish,Gupta,Manish Gupta,Customer description 953,customer0953@example.com,9100000953,Address Line1 953,Address Line2 953,Bangalore,Haryana,India,,West,100953,FALSE
954,Nikhil,Patel,Nikhil Patel,Customer description 954,customer0954@example.com,9100000954,Address Line1 954,Address Line2 954,Chennai,Delhi,India,,Central,100954,TRUE
955,Kavita,Mehta,Kavita Mehta,Customer description 955,customer0955@example.com,9100000955,Address Line1 955,Address Line2 955,Hyderabad,Maharashtra,India,,North,100955,FALSE
956,Deepak,Kumar,Deepak Kumar,Customer description 956,customer0956@example.com,9100000956,Address Line1 956,Address Line2 956,Jaipur,Karnataka,India,,South,100956,TRUE
957,Simran,Joshi,Simran Joshi,Customer description 957,customer0957@example.com,9100000957,Address Line1 957,Address Line2 957,Indore,Tamil Nadu,India,,East,100957,FALSE
958,Gaurav,Yadav,Gaurav Yadav,Customer description 958,customer0958@example.com,9100000958,Address Line1 958,Address Line2 958,Noida,Telangana,India,,West,100958,TRUE
959,Isha,Chauhan,Isha Chauhan,Customer description 959,customer0959@example.com,9100000959,Address Line1 959,Address Line2 959,Gurgaon,Rajasthan,India,,Central,100959,FALSE
960,Amit,Sharma,Amit Sharma,Customer description 960,customer0960@example.com,9100000960,Address Line1 960,Address Line2 960,Delhi,MP,India,,North,100960,TRUE
961,Rahul,Verma,Rahul Verma,Customer description 961,customer0961@example.com,9100000961,Address Line1 961,Address Line2 961,Mumbai,UP,India,,South,100961,FALSE
962,Neha,Singh,Neha Singh,Customer description 962,customer0962@example.com,9100000962,Address Line1 962,Address Line2 962,Pune,Haryana,India,,East,100962,TRUE
963,Poonam,Gupta,Poonam Gupta,Customer description 963,customer0963@example.com,9100000963,Address Line1 963,Address Line2 963,Bangalore,Delhi,India,,West,100963,FALSE
964,Anita,Patel,Anita Patel,Customer description 964,customer0964@example.com,9100000964,Address Line1 964,Address Line2 964,Chennai,Maharashtra,India,,Central,100964,TRUE
965,Rohit,Mehta,Rohit Mehta,Customer description 965,customer0965@example.com,9100000965,Address Line1 965,Address Line2 965,Hyderabad,Karnataka,India,,North,100965,FALSE
966,Kiran,Kumar,Kiran Kumar,Customer description 966,customer0966@example.com,9100000966,Address Line1 966,Address Line2 966,Jaipur,Tamil Nadu,India,,South,100966,TRUE
967,Sneha,Joshi,Sneha Joshi,Customer description 967,customer0967@example.com,9100000967,Address Line1 967,Address Line2 967,Indore,Telangana,India,,East,100967,FALSE
968,Vikas,Yadav,Vikas Yadav,Customer description 968,customer0968@example.com,9100000968,Address Line1 968,Address Line2 968,Noida,Rajasthan,India,,West,100968,TRUE
969,Priya,Chauhan,Priya Chauhan,Customer description 969,customer0969@example.com,9100000969,Address Line1 969,Address Line2 969,Gurgaon,MP,India,,Central,100969,FALSE
970,Suman,Sharma,Suman Sharma,Customer description 970,customer0970@example.com,9100000970,Address Line1 970,Address Line2 970,Delhi,UP,India,,North,100970,TRUE
971,Arjun,Verma,Arjun Verma,Customer description 971,customer0971@example.com,9100000971,Address Line1 971,Address Line2 971,Mumbai,Haryana,India,,South,100971,FALSE
972,Riya,Singh,Riya Singh,Customer description 972,customer0972@example.com,9100000972,Address Line1 972,Address Line2 972,Pune,Delhi,India,,East,100972,TRUE
973,Manish,Gupta,Manish Gupta,Customer description 973,customer0973@example.com,9100000973,Address Line1 973,Address Line2 973,Bangalore,Maharashtra,India,,West,100973,FALSE
974,Nikhil,Patel,Nikhil Patel,Customer description 974,customer0974@example.com,9100000974,Address Line1 974,Address Line2 974,Chennai,Karnataka,India,,Central,100974,TRUE
975,Kavita,Mehta,Kavita Mehta,Customer description 975,customer0975@example.com,9100000975,Address Line1 975,Address Line2 975,Hyderabad,Tamil Nadu,India,,North,100975,FALSE
976,Deepak,Kumar,Deepak Kumar,Customer description 976,customer0976@example.com,9100000976,Address Line1 976,Address Line2 976,Jaipur,Telangana,India,,South,100976,TRUE
977,Simran,Joshi,Simran Joshi,Customer description 977,customer0977@example.com,9100000977,Address Line1 977,Address Line2 977,Indore,Rajasthan,India,,East,100977,FALSE
978,Gaurav,Yadav,Gaurav Yadav,Customer description 978,customer0978@example.com,9100000978,Address Line1 978,Address Line2 978,Noida,MP,India,,West,100978,TRUE
979,Isha,Chauhan,Isha Chauhan,Customer description 979,customer0979@example.com,9100000979,Address Line1 979,Address Line2 979,Gurgaon,UP,India,,Central,100979,FALSE
980,Amit,Sharma,Amit Sharma,Customer description 980,customer0980@example.com,9100000980,Address Line1 980,Address Line2 980,Delhi,Haryana,India,,North,100980,TRUE
981,Rahul,Verma,Rahul Verma,Customer description 981,customer0981@example.com,9100000981,Address Line1 981,Address Line2 981,Mumbai,Delhi,India,,South,100981,FALSE
982,Neha,Singh,Neha Singh,Customer description 982,customer0982@example.com,9100000982,Address Line1 982,Address Line2 982,Pune,Maharashtra,India,,East,100982,TRUE
983,Poonam,Gupta,Poonam Gupta,Customer description 983,customer0983@example.com,9100000983,Address Line1 983,Address Line2 983,Bangalore,Karnataka,India,,West,100983,FALSE
984,Anita,Patel,Anita Patel,Customer description 984,customer0984@example.com,9100000984,Address Line1 984,Address Line2 984,Chennai,Tamil Nadu,India,,Central,100984,TRUE
985,Rohit,Mehta,Rohit Mehta,Customer description 985,customer0985@example.com,9100000985,Address Line1 985,Address Line2 985,Hyderabad,Telangana,India,,North,100985,FALSE
986,Kiran,Kumar,Kiran Kumar,Customer description 986,customer0986@example.com,9100000986,Address Line1 986,Address Line2 986,Jaipur,Rajasthan,India,,South,100986,TRUE
987,Sneha,Joshi,Sneha Joshi,Customer description 987,customer0987@example.com,9100000987,Address Line1 987,Address Line2 987,Indore,MP,India,,East,100987,FALSE
988,Vikas,Yadav,Vikas Yadav,Customer description 988,customer0988@example.com,9100000988,Address Line1 988,Address Line2 988,Noida,UP,India,,West,100988,TRUE
989,Priya,Chauhan,Priya Chauhan,Customer description 989,customer0989@example.com,9100000989,Address Line1 989,Address Line2 989,Gurgaon,Haryana,India,,Central,100989,FALSE
990,Suman,Sharma,Suman Sharma,Customer description 990,customer0990@example.com,9100000990,Address Line1 990,Address Line2 990,Delhi,Delhi,India,,North,100990,TRUE
991,Arjun,Verma,Arjun Verma,Customer description 991,customer0991@example.com,9100000991,Address Line1 991,Address Line2 991,Mumbai,Maharashtra,India,,South,100991,FALSE
992,Riya,Singh,Riya Singh,Customer description 992,customer0992@example.com,9100000992,Address Line1 992,Address Line2 992,Pune,Karnataka,India,,East,100992,TRUE
993,Manish,Gupta,Manish Gupta,Customer description 993,customer0993@example.com,9100000993,Address Line1 993,Address Line2 993,Bangalore,Tamil Nadu,India,,West,100993,FALSE
994,Nikhil,Patel,Nikhil Patel,Customer description 994,customer0994@example.com,9100000994,Address Line1 994,Address Line2 994,Chennai,Telangana,India,,Central,100994,TRUE
995,Kavita,Mehta,Kavita Mehta,Customer description 995,customer0995@example.com,9100000995,Address Line1 995,Address Line2 995,Hyderabad,Rajasthan,India,,North,100995,FALSE
996,Deepak,Kumar,Deepak Kumar,Customer description 996,customer0996@example.com,9100000996,Address Line1 996,Address Line2 996,Jaipur,MP,India,,South,100996,TRUE
997,Simran,Joshi,Simran Joshi,Customer description 997,customer0997@example.com,9100000997,Address Line1 997,Address Line2 997,Indore,UP,India,,East,100997,FALSE
998,Gaurav,Yadav,Gaurav Yadav,Customer description 998,customer0998@example.com,9100000998,Address Line1 998,Address Line2 998,Noida,Haryana,India,,West,100998,TRUE
999,Isha,Chauhan,Isha Chauhan,Customer description 999,customer0999@example.com,9100000999,Address Line1 999,Address Line2 999,Gurgaon,Delhi,India,,Central,100999,FALSE
1000,Amit,Sharma,Amit Sharma,Customer description 1000,customer1000@example.com,9100001000,Address Line1 1000,Address Line2 1000,Delhi,Maharashtra,India,,North,101000,TRUE
